stock,period,datetime,open,high,low,close,volume,amount,day,raw_close,cum_dr,asof,new_event_day,new_dr
000001.SZ,1w,2016-01-10,7.4235467551330565,7.4421056220208905,6.74305496924586,6.8791533264233005,2664760.0,3033810066.9,20160110,11.120000000000001,1.6164779984314812,20260830,,
000001.SZ,1w,2016-01-17,6.804917858871969,6.854408170572856,6.446113099040538,6.470858254890981,2799880.0,3014469322.44,20160117,10.459999999999999,1.6164779984314812,20260830,,
000001.SZ,1w,2016-01-24,6.396622787339651,6.681192079619751,6.32238731978832,6.4337405211153165,2598798.0,2734073789.75,20160124,10.4,1.6164779984314812,20260830,,
000001.SZ,1w,2016-01-31,6.4337405211153165,6.4584856769657595,5.938837404106446,6.186288962610881,2440344.0,2439406889.76,20160131,10.0,1.6164779984314812,20260830,,
000001.SZ,1w,2016-02-07,6.1739163846856595,6.204847829498713,6.025445449582998,6.136798650909994,1705400.0,1689764548.99,20160207,9.92,1.6164779984314812,20260830,,
000001.SZ,1w,2016-02-21,5.975955137882111,6.32238731978832,5.9697688489195,6.211034118461325,2017128.0,2022497287.22,20160221,10.040000000000001,1.6164779984314812,20260830,,
000001.SZ,1w,2016-02-28,6.266710719124823,6.378063920451819,5.938837404106446,6.0563768943960525,2357942.0,2362704257.92,20160228,9.790000000000001,1.6164779984314812,20260830,,
000001.SZ,1w,2016-03-06,6.056376894396052,6.495603410741425,5.827484202779449,6.4337405211153165,3555757.0,3569277473.4700003,20160306,10.4,1.6164779984314812,20260830,,
000001.SZ,1w,2016-03-13,6.402809076302263,6.489417121778814,6.149171228835216,6.285269586012655,2433164.0,2486805273.8100004,20160313,10.16,1.6164779984314812,20260830,,
000001.SZ,1w,2016-03-20,6.3162010308257095,6.538907433479701,6.285269586012655,6.520348566591869,3146175.0,3269782576.1099997,20160320,10.540000000000001,1.6164779984314812,20260830,,
000001.SZ,1w,2016-03-27,6.5265348555544795,6.767800125096303,6.495603410741425,6.5512800114049226,2585668.0,2765884380.13,20160327,10.59,1.6164779984314812,20260830,,
000001.SZ,1w,2016-04-03,6.569838878292756,6.650260634806697,6.421367943190095,6.594584034143199,2004365.0,2123119822.7399998,20160403,10.66,1.6164779984314812,20260830,,
000001.SZ,1w,2016-04-10,6.569838878292755,6.687378368582363,6.495603410741425,6.538907433479701,1781839.0,1897288590.9600003,20160410,10.57,1.6164779984314812,20260830,,
000001.SZ,1w,2016-04-17,6.557466300367533,6.7863589919841365,6.557466300367533,6.730682391320639,2762615.0,2980638538.3700004,20160417,10.88,1.6164779984314812,20260830,,
000001.SZ,1w,2016-04-24,6.693564657544973,6.712123524432806,6.408995365264873,6.5265348555544795,2093955.0,2220328644.85,20160424,10.55,1.6164779984314812,20260830,,
000001.SZ,1w,2016-05-01,6.53272114451709,6.656446923769309,6.446113099040538,6.538907433479701,1742946.0,1842647849.33,20160501,10.57,1.6164779984314812,20260830,,
000001.SZ,1w,2016-05-08,6.545093722442312,6.650260634806697,6.507975988666646,6.507975988666646,1487598.0,1586396350.46,20160508,10.52,1.6164779984314812,20260830,,
000001.SZ,1w,2016-05-15,6.495603410741425,6.514162277629258,6.3409461866761525,6.402809076302262,1541210.0,1596929064.03,20160515,10.35,1.6164779984314812,20260830,,
000001.SZ,1w,2016-05-22,6.3842502094144296,6.415181654227484,6.291455874975266,6.371877631489206,1377278.0,1414736618.8200002,20160522,10.299999999999999,1.6164779984314812,20260830,,
000001.SZ,1w,2016-05-29,6.39043649837704,6.396622787339651,6.291455874975266,6.353318764601374,1271389.0,1302476678.96,20160529,10.27,1.6164779984314812,20260830,,
000001.SZ,1w,2016-06-05,6.340946186676154,6.538907433479701,6.310014741863099,6.495603410741425,2600588.0,2715258032.45,20160605,10.5,1.6164779984314812,20260830,,
000001.SZ,1w,2016-06-12,6.5017896997040365,6.520348566591869,6.464671965928371,6.495603410741425,835802.0,877537253.7,20160612,10.5,1.6164779984314812,20260830,,
000001.SZ,1w,2016-06-19,7.882818938682956,7.897891250229194,6.428340874470899,6.4660216533364965,1698468.0,1638037402.79,20160619,8.58,1.326936478100515,20260830,,
000001.SZ,1w,2016-06-26,6.473557809109615,6.579063989933289,6.420804718697779,6.458485497563377,1892760.0,1632354830.88,20160626,8.57,1.326936478100515,20260830,,
000001.SZ,1w,2016-07-03,6.458485497563377,6.586600145706408,6.435877030244019,6.5639916783870484,1742478.0,1507779206.78,20160703,8.709999999999999,1.326936478100515,20260830,,
000001.SZ,1w,2016-07-10,6.54891936684081,6.677034014983841,6.533847055294571,6.586600145706408,1927439.0,1693022960.0500002,20160710,8.74,1.326936478100515,20260830,,
000001.SZ,1w,2016-07-17,6.594136301479527,6.82022097467311,6.586600145706408,6.7750040400343945,2587224.0,2302080961.2599998,20160717,8.99,1.326936478100515,20260830,,
000001.SZ,1w,2016-07-24,6.7750040400343945,6.842829441992469,6.722250949622558,6.737323261168797,1816457.0,1632231339.73,20160724,8.94,1.326936478100515,20260830,,
000001.SZ,1w,2016-07-31,6.729787105395677,6.9634079343623805,6.7147147938494385,6.9332633112699025,2781251.0,2522170423.1499996,20160731,9.2,1.326936478100515,20260830,,
000001.SZ,1w,2016-08-07,6.918190999723664,7.038769492093575,6.729787105395677,6.812684818899992,3703521.0,3371113812.6800003,20160807,9.040000000000001,1.326936478100515,20260830,,
000001.SZ,1w,2016-08-14,6.8126848188999904,7.1819564517828445,6.790076351580633,7.159347984463486,3556407.0,3288499884.19,20160814,9.5,1.326936478100515,20260830,,
000001.SZ,1w,2016-08-21,7.197028763329083,7.38543265765707,7.10659489405165,7.166884140236606,4754673.0,4557566137.139999,20160821,9.51,1.326936478100515,20260830,,
000001.SZ,1w,2016-08-28,7.159347984463486,7.166884140236606,7.038769492093575,7.12166720559789,3721991.0,3503920577.29,20160828,9.450000000000001,1.326936478100515,20260830,,
000001.SZ,1w,2016-09-04,7.091522582505411,7.174420296009725,7.068914115186054,7.1216672055978885,2498985.0,2360928192.63,20160904,9.45,1.326936478100515,20260830,,
000001.SZ,1w,2016-09-11,7.129203361371009,7.129203361371009,7.053841803639814,7.068914115186052,2126696.0,2000033274.78,20160911,9.379999999999999,1.326936478100515,20260830,,
000001.SZ,1w,2016-09-18,7.001088713227978,7.0236971805473365,6.820220974673111,6.827757130446231,1638993.0,1504954282.5800002,20160918,9.06,1.326936478100515,20260830,,
000001.SZ,1w,2016-09-25,6.820220974673111,6.9257271554967845,6.805148663126872,6.895582532404306,1980102.0,1803311278.29,20160925,9.15,1.326936478100515,20260830,,
000001.SZ,1w,2016-10-02,6.880510220858067,6.880510220858067,6.790076351580633,6.83529328621935,1723918.0,1561806706.82,20161002,9.07,1.326936478100515,20260830,,
000001.SZ,1w,2016-10-16,6.857901753538708,6.910654843950544,6.812684818899992,6.85036559776559,2212845.0,2014365476.0700002,20161016,9.090000000000002,1.326936478100515,20260830,,
000001.SZ,1w,2016-10-23,6.842829441992469,6.880510220858067,6.805148663126872,6.880510220858067,2462336.0,2234181461.86,20161023,9.13,1.326936478100515,20260830,,
000001.SZ,1w,2016-10-30,6.880510220858067,7.008624869001098,6.872974065084948,6.910654843950544,2723018.0,2503871556.44,20161030,9.17,1.326936478100515,20260830,,
000001.SZ,1w,2016-11-06,6.895582532404306,6.910654843950544,6.820220974673111,6.865437909311827,2777585.0,2531647099.3900003,20161106,9.11,1.326936478100515,20260830,,
000001.SZ,1w,2016-11-13,6.857901753538708,6.918190999723664,6.790076351580633,6.918190999723664,3470817.0,3165125457.69,20161113,9.18,1.326936478100515,20260830,,
000001.SZ,1w,2016-11-20,6.903118688177425,6.9709440901355,6.903118688177425,6.918190999723664,2968183.0,2731981373.1200004,20161120,9.18,1.326936478100515,20260830,,
000001.SZ,1w,2016-11-27,6.918190999723664,7.249781853740921,6.910654843950544,7.249781853740921,5576790.0,5250058435.929999,20161127,9.620000000000001,1.326936478100515,20260830,,
000001.SZ,1w,2016-12-04,7.302534944152756,7.370360346110831,7.11413104982477,7.197028763329083,4669121.0,4490431530.55,20161204,9.549999999999999,1.326936478100515,20260830,,
000001.SZ,1w,2016-12-11,7.159347984463486,7.347751878791473,7.091522582505411,7.2723903210602785,4046322.0,3859729566.79,20161211,9.65,1.326936478100515,20260830,,
000001.SZ,1w,2016-12-18,7.2723903210602785,7.362824190337712,6.940799467043023,6.9709440901355,3724775.0,3513897283.92,20161218,9.25,1.326936478100515,20260830,,
000001.SZ,1w,2016-12-25,6.948335622816142,6.955871778589262,6.83529328621935,6.842829441992469,2224821.0,2031906666.8100002,20161225,9.08,1.326936478100515,20260830,,
000001.SZ,1w,2017-01-01,6.827757130446229,6.880510220858067,6.797612507353752,6.857901753538708,1548319.0,1405687376.82,20170101,9.1,1.326936478100515,20260830,,
000001.SZ,1w,2017-01-08,6.865437909311827,6.918190999723664,6.850365597765588,6.880510220858066,1611695.0,1475044747.92,20170108,9.129999999999999,1.326936478100515,20260830,,
000001.SZ,1w,2017-01-15,6.880510220858066,6.9257271554967845,6.865437909311827,6.903118688177425,1767871.0,1617594252.23,20170115,9.16,1.326936478100515,20260830,,
000001.SZ,1w,2017-01-22,6.895582532404306,6.9634079343623805,6.83529328621935,6.948335622816142,2634026.0,2411942913.6,20170122,9.22,1.326936478100515,20260830,,
000001.SZ,1w,2017-01-29,6.948335622816142,7.038769492093575,6.933263311269903,7.031233336320455,1615656.0,1496627382.0000002,20170129,9.33,1.326936478100515,20260830,,
000001.SZ,1w,2017-02-05,7.038769492093575,7.053841803639815,6.955871778589262,6.978480245908619,315472.0,292617943.26000005,20170205,9.26,1.326936478100515,20260830,,
000001.SZ,1w,2017-02-12,6.978480245908619,7.053841803639815,6.9634079343623805,7.031233336320455,2099540.0,1953074375.65,20170212,9.33,1.326936478100515,20260830,,
000001.SZ,1w,2017-02-19,7.038769492093575,7.189492607555965,7.031233336320455,7.076450270959173,2592316.0,2445827131.29,20170219,9.39,1.326936478100515,20260830,,
000001.SZ,1w,2017-02-26,7.0839864267322925,7.249781853740921,7.0839864267322925,7.159347984463486,2676132.0,2551314840.4600005,20170226,9.5,1.326936478100515,20260830,,
000001.SZ,1w,2017-03-05,7.159347984463486,7.197028763329084,7.053841803639814,7.083986426732291,1870336.0,1769654304.6100004,20170305,9.399999999999999,1.326936478100515,20260830,,
000001.SZ,1w,2017-03-12,7.0839864267322925,7.129203361371009,7.053841803639814,7.083986426732291,1711972.0,1610338609.89,20170312,9.399999999999999,1.326936478100515,20260830,,
000001.SZ,1w,2017-03-19,7.076450270959173,7.181956451782845,7.008624869001098,7.016161024774217,3715948.0,3496873355.53,20170319,9.31,1.326936478100515,20260830,,
000001.SZ,1w,2017-03-26,7.001088713227978,7.016161024774217,6.888046376631187,6.925727155496783,2980207.0,2745652766.4100003,20170326,9.19,1.326936478100515,20260830,,
000001.SZ,1w,2017-04-02,6.8729740650849465,6.925727155496783,6.827757130446231,6.910654843950544,3387930.0,3090135518.0000005,20170402,9.17,1.326936478100515,20260830,,
000001.SZ,1w,2017-04-09,6.903118688177425,6.948335622816142,6.895582532404306,6.9332633112699025,1448385.0,1331053222.01,20170409,9.2,1.326936478100515,20260830,,
000001.SZ,1w,2017-04-16,6.9332633112699025,6.940799467043021,6.827757130446231,6.842829441992469,2317058.0,2116674665.9599998,20170416,9.08,1.326936478100515,20260830,,
000001.SZ,1w,2017-04-23,6.842829441992469,6.8654379093118285,6.6996424823032,6.759931728488156,2429973.0,2183446653.2300005,20170423,8.97,1.326936478100515,20260830,,
000001.SZ,1w,2017-04-30,6.759931728488156,6.790076351580634,6.6996424823032,6.7750040400343945,1828913.0,1637766319.7500002,20170430,8.99,1.326936478100515,20260830,,
000001.SZ,1w,2017-05-07,6.752395572715036,6.752395572715036,6.4660216533364965,6.503702432202094,1911553.0,1680651933.06,20170507,8.63,1.326936478100515,20260830,,
000001.SZ,1w,2017-05-14,6.481093964882736,6.70717863807632,6.435877030244019,6.70717863807632,2778971.0,2417795283.96,20170514,8.9,1.326936478100515,20260830,,
000001.SZ,1w,2017-05-21,6.6996424823032,6.744859416941917,6.541383211067691,6.54891936684081,2000459.0,1758636962.7000003,20170521,8.69,1.326936478100515,20260830,,
000001.SZ,1w,2017-05-28,6.541383211067691,6.888046376631185,6.488630120655854,6.857901753538709,4528444.0,4033381322.6400003,20170528,9.100000000000001,1.326936478100515,20260830,,
000001.SZ,1w,2017-06-04,6.857901753538708,7.001088713227978,6.827757130446231,6.910654843950544,2370149.0,2178406063.64,20170604,9.17,1.326936478100515,20260830,,
000001.SZ,1w,2017-06-11,6.880510220858067,6.948335622816142,6.7750040400343945,6.895582532404306,2703668.0,2458481434.91,20170611,9.15,1.326936478100515,20260830,,
000001.SZ,1w,2017-06-18,6.895582532404306,6.925727155496783,6.790076351580633,6.797612507353752,1952244.0,1774136026.92,20170618,9.02,1.326936478100515,20260830,,
000001.SZ,1w,2017-06-25,6.805148663126872,7.0839864267322925,6.797612507353752,6.9709440901355,3311213.0,3050057683.65,20170625,9.25,1.326936478100515,20260830,,
000001.SZ,1w,2017-07-02,6.978480245908619,7.151811828690367,6.978480245908619,7.076450270959173,3414018.0,3203176891.2599998,20170702,9.39,1.326936478100515,20260830,,
000001.SZ,1w,2017-07-09,7.0839864267322925,7.144275672917248,6.986016401681739,7.136739517144129,2943711.0,2758808519.1400003,20170709,9.47,1.326936478100515,20260830,,
000001.SZ,1w,2017-07-16,7.1216672055978885,8.244554415792688,7.11413104982477,8.214409792700211,12888849.0,13303375283.49,20170716,10.9,1.326936478100515,20260830,,
000001.SZ,1w,2017-07-23,8.374229764115558,8.664842303874819,8.121855716429884,8.328343573627253,10593987.0,11618939970.42,20170723,10.889999999999999,1.3075829429617378,20260830,,
000001.SZ,1w,2017-07-30,8.274809684724232,8.618956113386515,8.053026430697427,8.213628097406492,7358529.0,8016941593.46,20170730,10.74,1.3075829429617378,20260830,,
000001.SZ,1w,2017-08-06,8.259514287894797,8.672490002289537,7.991844843379688,8.542479129239341,8011812.0,8804772612.289999,20170806,11.17,1.3075829429617378,20260830,,
000001.SZ,1w,2017-08-13,8.458354446677449,8.542479129239341,7.640050716302687,7.662993811546839,5993054.0,6360815212.66,20170813,10.02,1.3075829429617378,20260830,,
000001.SZ,1w,2017-08-20,7.747118494108731,8.10656031960045,7.678289208376275,7.984197144964971,4159794.0,4287029421.5299997,20170820,10.440000000000001,1.3075829429617378,20260830,,
000001.SZ,1w,2017-08-27,7.976549446550252,8.542479129239341,7.930663256061949,8.496592938751037,4482174.0,4854515083.719999,20170827,11.110000000000001,1.3075829429617378,20260830,,
000001.SZ,1w,2017-09-03,8.488945240336319,8.978397938878233,8.488945240336319,8.573069922898211,6170357.0,7040465175.83,20170903,11.21,1.3075829429617378,20260830,,
000001.SZ,1w,2017-09-10,8.550126827654058,9.131351907172581,8.542479129239341,8.787205478510298,4526927.0,5255834560.7,20170910,11.49,1.3075829429617378,20260830,,
000001.SZ,1w,2017-09-17,8.825443970583885,8.940159446804646,8.527183732409906,8.63425151021595,3743073.0,4260722050.1000004,20170917,11.290000000000001,1.3075829429617378,20260830,,
000001.SZ,1w,2017-09-24,8.603660716557082,8.81014857375445,8.450706748262732,8.748966986436711,3445312.0,3888907777.4300003,20170924,11.440000000000001,1.3075829429617378,20260830,,
000001.SZ,1w,2017-10-01,8.74896698643671,8.756614684851428,8.274809684724232,8.496592938751036,3426539.0,3792213438.71,20171001,11.11,1.3075829429617378,20260830,,
000001.SZ,1w,2017-10-15,8.848387065828037,8.90192095473106,8.60366071655708,8.68778539911897,4046669.0,4637289878.7300005,20171015,11.36,1.3075829429617378,20260830,,
000001.SZ,1w,2017-10-22,8.687785399118972,8.963102542048798,8.63425151021595,8.77955778009558,3598559.0,4158402978.35,20171022,11.48,1.3075829429617378,20260830,,
000001.SZ,1w,2017-10-29,8.710728494363124,8.84073936741332,8.504240637165754,8.84073936741332,4400991.0,4970744085.940001,20171029,11.56,1.3075829429617378,20260830,,
000001.SZ,1w,2017-11-05,8.833091668998602,8.970750240463516,8.611308414971797,8.710728494363122,3946005.0,4539875971.34,20171105,11.389999999999999,1.3075829429617378,20260830,,
000001.SZ,1w,2017-11-12,8.733671589607276,9.628452304129212,8.4812975419216,9.406669050102408,11822731.0,14277785755.79,20171112,12.3,1.3075829429617378,20260830,,
000001.SZ,1w,2017-11-19,9.444907542175994,10.293802066209627,9.444907542175994,10.07966651059754,8875223.0,11535878272.939999,20171119,13.180000000000001,1.3075829429617378,20260830,,
000001.SZ,1w,2017-11-26,10.041428018523952,11.655092384029324,9.980246431206213,11.135048891828541,12968814.0,18604936327.06,20171126,14.56,1.3075829429617378,20260830,,
000001.SZ,1w,2017-12-03,10.93620873304589,10.93620873304589,9.911417145473756,9.942007939132626,8559179.0,11644345230.97,20171203,13.0,1.3075829429617378,20260830,,
000001.SZ,1w,2017-12-10,9.980246431206213,10.31674516145378,9.750815478764691,10.010837224865082,7330820.0,9607728360.570002,20171210,13.09,1.3075829429617378,20260830,,
000001.SZ,1w,2017-12-17,10.003189526450365,10.377926748771518,9.68963389144695,9.72787238352054,7396554.0,9678616431.529999,20171217,12.72,1.3075829429617378,20260830,,
000001.SZ,1w,2017-12-24,9.735520081935256,10.462051431333409,9.666690796202799,10.339688256697931,6537754.0,8642055888.25,20171224,13.520000000000001,1.3075829429617378,20260830,,
000001.SZ,1w,2017-12-31,10.339688256697931,10.599710002798322,9.95730333596206,10.171438891574146,6611766.0,8860198508.630001,20171231,13.299999999999999,1.3075829429617378,20260830,,
000001.SZ,1w,2018-01-07,10.209677383647735,10.653243891701344,10.041428018523952,10.171438891574148,8108911.0,10920597623.460001,20180107,13.3,1.3075829429617378,20260830,,
000001.SZ,1w,2018-01-14,10.133200399500561,10.462051431333409,9.834940161326582,10.362631351942083,8704110.0,11527400759.18,20180114,13.55,1.3075829429617378,20260830,,
000001.SZ,1w,2018-01-21,10.332040558283213,11.570967701467431,10.324392859868496,11.318593653781758,12942409.0,18658510240.68,20180121,14.799999999999999,1.3075829429617378,20260830,,
000001.SZ,1w,2018-01-28,11.16563968548741,11.532729209393846,10.706777780604366,10.745016272677953,11456922.0,16609922970.119999,20180128,14.049999999999999,1.3075829429617378,20260830,,
000001.SZ,1w,2018-02-04,10.745016272677953,10.93620873304589,10.34733595511265,10.745016272677953,8115140.0,11291468962.47,20180204,14.05,1.3075829429617378,20260830,,
000001.SZ,1w,2018-02-11,10.553823812310018,11.142696590243258,8.703080795948408,8.940159446804646,13223349.0,17509255002.800003,20180211,11.690000000000001,1.3075829429617378,20260830,,
000001.SZ,1w,2018-02-18,9.008988732537103,9.33783976436995,8.84073936741332,9.177238097660885,3391150.0,4032538727.72,20180218,12.0,1.3075829429617378,20260830,,
000001.SZ,1w,2018-02-25,9.36843055802882,9.781406272423562,9.36843055802882,9.643747700958647,2282069.0,2851748297.31,20180225,12.610000000000001,1.3075829429617378,20260830,,
000001.SZ,1w,2018-03-04,9.766110875594126,9.827292462911865,9.062522621440124,9.138999605587298,5095853.0,6233383623.15,20180304,11.95,1.3075829429617378,20260830,,
000001.SZ,1w,2018-03-11,9.123704208757864,9.437259843761279,9.001341034122385,9.246067383393342,4965546.0,5985965189.52,20180311,12.09,1.3075829429617378,20260830,,
000001.SZ,1w,2018-03-18,9.291953573881646,9.345487462784668,8.90192095473106,8.90192095473106,5105239.0,6080940506.95,20180318,11.64,1.3075829429617378,20260830,,
000001.SZ,1w,2018-03-25,8.917216351560494,9.269010478637494,8.351286668871406,8.672490002289537,5839765.0,6794436077.400001,20180325,11.34,1.3075829429617378,20260830,,
000001.SZ,1w,2018-04-01,8.527183732409904,8.565422224483493,8.068321827526862,8.335991272041971,5669329.0,6203168395.07,20180401,10.9,1.3075829429617378,20260830,,
000001.SZ,1w,2018-04-08,8.31304817679782,8.420115954603862,8.037731033867992,8.313048176797817,3602549.0,3880408679.3500004,20180408,10.87,1.3075829429617378,20260830,,
000001.SZ,1w,2018-04-15,8.259514287894797,9.116056510343148,8.205980398991775,8.848387065828037,7035098.0,8082163000.400001,20180415,11.57,1.3075829429617378,20260830,,
000001.SZ,1w,2018-04-22,8.771910081680861,8.940159446804646,8.435411351433297,8.680137700704256,6012629.0,6824983235.58,20180422,11.350000000000001,1.3075829429617378,20260830,,
000001.SZ,1w,2018-04-29,8.641899208630665,9.131351907172581,8.129503414844601,8.297752779968384,6845703.0,7769356885.27,20180429,10.850000000000001,1.3075829429617378,20260830,,
000001.SZ,1w,2018-05-06,8.389525160944993,8.435411351433299,8.083617224356297,8.167741906918188,3182387.0,3429872735.36,20180506,10.68,1.3075829429617378,20260830,,
000001.SZ,1w,2018-05-13,8.183037303747623,8.527183732409906,8.137151113259318,8.420115954603864,4300374.0,4705947821.39,20180513,11.010000000000002,1.3075829429617378,20260830,,
000001.SZ,1w,2018-05-20,8.4812975419216,8.588365319727645,8.228923494235927,8.381877462530275,3587798.0,3947274944.31,20180520,10.959999999999999,1.3075829429617378,20260830,,
000001.SZ,1w,2018-05-27,8.466002145092167,8.496592938751036,8.068321827526862,8.09891262118573,3625907.0,3897567853.8900003,20180527,10.59,1.3075829429617378,20260830,,
000001.SZ,1w,2018-06-03,8.091264922771014,8.152446510088753,7.662993811546839,7.793004684597035,4167912.0,4280511666.7800007,20180603,10.19,1.3075829429617378,20260830,,
000001.SZ,1w,2018-06-10,7.823595478255905,7.999492541794404,7.693584605205709,7.739470795694014,4324338.0,4424459411.36,20180610,10.120000000000001,1.3075829429617378,20260830,,
000001.SZ,1w,2018-06-17,7.693584605205709,7.86948166874421,7.586516827399665,7.7777092877676,4280357.0,4315074030.42,20180617,10.17,1.3075829429617378,20260830,,
000001.SZ,1w,2018-06-24,7.6859369067909915,7.7624138909381655,7.464153652764186,7.532982938496643,3827399.0,3800475007.9300003,20180624,9.85,1.3075829429617378,20260830,,
000001.SZ,1w,2018-07-01,7.578869128984948,7.586516827399667,6.783508493854338,6.951757858978122,5150573.0,4764106596.089999,20180701,9.090000000000002,1.3075829429617378,20260830,,
000001.SZ,1w,2018-07-08,6.921167065319252,6.921167065319252,6.462305160436206,6.622906827145272,5125561.0,4446722568.07,20180708,8.66,1.3075829429617378,20260830,,
000001.SZ,1w,2018-07-15,6.7535326286819,7.017767507134357,6.6680448738884595,6.901193296052392,4901982.0,4346872404.25,20180715,8.88,1.2867339920879368,20260830,,
000001.SZ,1w,2018-07-22,6.877878453835998,7.149884946360585,6.691359716104852,7.079940419711406,3806002.0,3371040330.6100006,20180722,9.11,1.2867339920879368,20260830,,
000001.SZ,1w,2018-07-29,7.025539121206488,7.452977895173697,6.994452664917964,7.188743016721241,5170188.0,4826484198.07,20180729,9.25,1.2867339920879368,20260830,,
000001.SZ,1w,2018-08-05,7.243144315226158,7.383033368524518,6.901193296052392,6.924508138268784,3648563.0,3363448208.42,20180805,8.91,1.2867339920879368,20260830,,
000001.SZ,1w,2018-08-12,6.947822980485179,7.266459157442552,6.901193296052392,7.173199788576979,3054337.0,2787629482.1200004,20180812,9.23,1.2867339920879368,20260830,,
000001.SZ,1w,2018-08-19,7.0877120337835375,7.118798490072061,6.714674558321246,6.846791997547473,3206921.0,2854248315.71,20180819,8.809999999999999,1.2867339920879368,20260830,,
000001.SZ,1w,2018-08-26,6.916736524196653,7.989219266150742,6.893421681980261,7.794928914347465,6697711.0,6358839633.150001,20180826,10.030000000000001,1.2867339920879368,20260830,,
000001.SZ,1w,2018-09-02,7.787157300275334,8.105793477232709,7.748299229914679,7.872645055068774,6715866.0,6858803512.59,20180902,10.129999999999999,1.2867339920879368,20260830,,
000001.SZ,1w,2018-09-09,7.84155859878025,8.199052846098281,7.717212773626153,7.779385686203202,4708302.0,4796533025.22,20180909,10.01,1.2867339920879368,20260830,,
000001.SZ,1w,2018-09-16,7.779385686203202,7.849330212852381,7.623953404760581,7.6472682469769735,3534260.0,3501723753.84,20180916,9.84,1.2867339920879368,20260830,,
000001.SZ,1w,2018-09-23,7.616181790688449,8.315627057180246,7.5229224218228765,8.292312214963854,5120303.0,5225261994.639999,20180923,10.67,1.2867339920879368,20260830,,
000001.SZ,1w,2018-09-30,8.175738003881886,8.758609059291716,8.144651547593362,8.587633549704833,5458132.0,5904900681.5,20180930,11.049999999999999,1.2867339920879368,20260830,,
000001.SZ,1w,2018-10-14,8.315627057180247,8.385571583829426,7.53846564996714,8.004762494295004,7257595.0,7483906026.76,20181014,10.3,1.2867339920879368,20260830,,
000001.SZ,1w,2018-10-21,8.074707020944183,8.377799969757294,7.709441159554022,8.362256741613033,7235318.0,7482595843.280001,20181021,10.76,1.2867339920879368,20260830,,
000001.SZ,1w,2018-10-28,8.401114811973686,8.906269726662206,8.323398671252377,8.68866453264254,9062498.0,10022819592.42,20181028,11.180000000000001,1.2867339920879368,20260830,,
000001.SZ,1w,2018-11-04,8.704207760786801,8.735294217075324,8.253454144603198,8.618720005993358,8001836.0,8738083646.480001,20181104,11.09,1.2867339920879368,20260830,,
000001.SZ,1w,2018-11-11,8.509917408983524,8.579861935632703,8.082478635016315,8.199052846098281,5236491.0,5637209489.219999,20181111,10.55,1.2867339920879368,20260830,,
000001.SZ,1w,2018-11-18,8.1291083194491,8.331170285324509,8.066935406872052,8.214596074242543,4728122.0,4976015416.41,20181118,10.57,1.2867339920879368,20260830,,
000001.SZ,1w,2018-11-25,8.214596074242543,8.455516110478605,8.012534108367134,8.020305722439266,4261546.0,4529963401.420001,20181125,10.32,1.2867339920879368,20260830,,
000001.SZ,1w,2018-12-02,8.035848950583528,8.1291083194491,7.895959897285168,8.05139217872779,2867767.0,2949248069.4900002,20181202,10.36,1.2867339920879368,20260830,,
000001.SZ,1w,2018-12-09,8.230139302386805,8.284540600891722,7.950361195790086,7.989219266150741,3099537.0,3246002918.2899995,20181209,10.28,1.2867339920879368,20260830,,
000001.SZ,1w,2018-12-16,7.9425895817179555,8.144651547593362,7.872645055068776,7.903731511357299,2477806.0,2544016429.66,20181216,10.17,1.2867339920879368,20260830,,
000001.SZ,1w,2018-12-23,7.895959897285168,8.028077336511396,7.250915929298289,7.3441752981638615,3697925.0,3640590439.64,20181223,9.45,1.2867339920879368,20260830,,
000001.SZ,1w,2018-12-30,7.305317227803207,7.375261754452387,7.157656560432717,7.289773999658945,2718069.0,2543552413.4000006,20181230,9.38,1.2867339920879368,20260830,,
000001.SZ,1w,2019-01-06,7.297545613731076,7.631725018832712,7.11102687599993,7.5773237203277946,2436082.0,2305302705.7,20190106,9.75,1.2867339920879368,20260830,,
000001.SZ,1w,2019-01-13,7.647268246976975,7.9425895817179555,7.476292737390091,7.927046353573694,4269742.0,4247592181.09,20190113,10.200000000000001,1.2867339920879368,20260830,,
000001.SZ,1w,2019-01-20,7.9425895817179555,8.214596074242543,7.8260153706359885,8.105793477232707,3641906.0,3758571012.13,20190120,10.43,1.2867339920879368,20260830,,
000001.SZ,1w,2019-01-27,8.035848950583528,8.579861935632703,7.973676038006479,8.548775479344178,4409245.0,4694055435.88,20190127,11.0,1.2867339920879368,20260830,,
000001.SZ,1w,2019-02-03,8.579861935632703,8.743065831147455,8.370028355685163,8.704207760786801,4420433.0,4881725320.2,20190203,11.200000000000001,1.2867339920879368,20260830,,
000001.SZ,1w,2019-02-17,8.610948391921227,8.867411656301552,8.471059338622867,8.509917408983524,4868549.0,5433739237.059999,20190217,10.950000000000001,1.2867339920879368,20260830,,
000001.SZ,1w,2019-02-24,8.587633549704835,9.030615551816306,8.579861935632703,8.968442639239257,5297326.0,6006603289.49,20190224,11.540000000000001,1.2867339920879368,20260830,,
000001.SZ,1w,2019-03-03,9.092788464393355,9.932122784183509,8.99175748145565,9.916579556039247,9647270.0,11876804996.369999,20190303,12.760000000000002,1.2867339920879368,20260830,,
000001.SZ,1w,2019-03-10,9.869949871606462,10.398419628511373,9.520227238360562,9.559085308721219,8671231.0,11136657758.14,20190310,12.3,1.2867339920879368,20260830,,
000001.SZ,1w,2019-03-17,9.559085308721219,9.854406643462198,9.364794956917942,9.714517590163839,5941744.0,7369881109.64,20190317,12.5,1.2867339920879368,20260830,,
000001.SZ,1w,2019-03-24,9.737832432380234,10.056468609337605,9.57462853686548,9.78446211681302,4947288.0,6280214886.43,20190324,12.59,1.2867339920879368,20260830,,
000001.SZ,1w,2019-03-31,9.636801449442528,9.963209240472034,9.333708500629417,9.963209240472034,5440075.0,6721410105.18,20190331,12.82,1.2867339920879368,20260830,,
000001.SZ,1w,2019-04-07,9.970980854544164,10.8802597009835,9.970980854544164,10.771457103973663,5879065.0,7906842240.800001,20190407,13.86,1.2867339920879368,20260830,,
000001.SZ,1w,2019-04-14,10.802543560262189,11.214439106085136,10.266302189285145,10.429506084799899,4901323.0,6767082956.4,20190414,13.420000000000002,1.2867339920879368,20260830,,
000001.SZ,1w,2019-04-21,10.66265450696383,11.501988826753985,10.530537067737601,11.447587528249068,6670455.0,9494537519.51,20190421,14.73,1.2867339920879368,20260830,,
000001.SZ,1w,2019-04-28,11.346556545311364,11.533075283042509,10.647111278819569,10.717055805468748,6333580.0,9043329239.61,20190428,13.790000000000001,1.2867339920879368,20260830,,
000001.SZ,1w,2019-05-05,10.802543560262189,11.136722965363825,10.561623524026125,10.763685489901533,2147265.0,2993672711.63,20190505,13.85,1.2867339920879368,20260830,,
000001.SZ,1w,2019-05-12,10.180814434491705,10.375104786294981,9.364794956917942,9.854406643462198,6906325.0,8760193586.19,20190512,12.68,1.2867339920879368,20260830,,
000001.SZ,1w,2019-05-19,9.58240015093761,10.188586048563835,9.450282711711383,9.667887905731051,4628404.0,5835583036.9,20190519,12.44,1.2867339920879368,20260830,,
000001.SZ,1w,2019-05-26,9.597943379081872,9.893264713822852,9.434739483567121,9.597943379081872,3186256.0,3949807963.8500004,20190526,12.35,1.2867339920879368,20260830,,
000001.SZ,1w,2019-06-02,9.489140782072036,9.78446211681302,9.271535588052368,9.465825939855645,3928617.0,4824701289.33,20190602,12.18,1.2867339920879368,20260830,,
000001.SZ,1w,2019-06-09,9.49691239614417,9.58240015093761,9.015072323672042,9.263763973980236,3669931.0,4383058298.070001,20190609,11.92,1.2867339920879368,20260830,,
000001.SZ,1w,2019-06-16,9.333708500629417,9.885493099750724,9.310393658413023,9.706745976091709,4066256.0,5076599746.92,20190616,12.49,1.2867339920879368,20260830,,
000001.SZ,1w,2019-06-23,9.698974362019577,10.841401630622846,9.698974362019577,10.600481594386782,4786916.0,6374767816.33,20190623,13.64,1.2867339920879368,20260830,,
000001.SZ,1w,2019-06-30,10.751414468775886,10.877070152852157,10.26449869298034,10.822095791068788,4098470.0,5543218849.61,20190630,13.78,1.2733208304598724,20260830,,
000001.SZ,1w,2019-07-07,11.002725836928429,11.214769803807135,10.751414468775886,10.932044514635525,4152946.0,5816730091.82,20190707,13.92,1.2733208304598724,20260830,,
000001.SZ,1w,2019-07-14,10.853509712087856,11.175502402533299,10.555077462406713,11.089114119730864,3580478.0,4934897491.47,20190714,14.120000000000001,1.2733208304598724,20260830,,
000001.SZ,1w,2019-07-21,11.01843279743796,11.089114119730862,10.649319225463918,10.987018876418894,3263298.0,4521278150.16,20190721,13.99,1.2733208304598724,20260830,,
000001.SZ,1w,2019-07-28,10.963458435654593,11.206916323552367,10.720000547756818,11.175502402533299,3379694.0,4728929409.16,20190728,14.23,1.2733208304598724,20260830,,
000001.SZ,1w,2019-08-04,11.191209363042834,11.42681377068584,10.727854028011587,10.79068187004972,3644840.0,5146781100.58,20190804,13.74,1.2733208304598724,20260830,,
000001.SZ,1w,2019-08-11,10.680733146482984,11.662418178328847,10.233084771961272,11.403253329921538,6959909.0,9774780218.380001,20190811,14.52,1.2733208304598724,20260830,,
000001.SZ,1w,2019-08-18,11.47393465221444,11.952996947755222,11.466081171959674,11.701685579602682,7271985.0,10856612326.04,20190818,14.9,1.2733208304598724,20260830,,
000001.SZ,1w,2019-08-25,11.709539059857448,11.937289987245688,11.151941961769,11.505348573233508,9194066.0,13466210816.880003,20190825,14.65,1.2733208304598724,20260830,,
000001.SZ,1w,2019-09-01,11.32471852737387,11.387546369412005,11.034139757947495,11.120528040749932,5009026.0,7140251400.56,20190901,14.16,1.2733208304598724,20260830,,
000001.SZ,1w,2019-09-08,11.112674560495163,11.662418178328847,11.081260639476096,11.63100425730978,5947301.0,8641060089.29,20190908,14.81,1.2733208304598724,20260830,,
000001.SZ,1w,2019-09-15,11.764513421640817,11.78022038215035,11.316865047119103,11.528909013997811,4066010.0,5948809151.58,20190915,14.680000000000001,1.2733208304598724,20260830,,
000001.SZ,1w,2019-09-22,11.544615974507344,12.094359592341027,11.136235001259465,12.047238710812424,7161290.0,10587928053.960001,20190922,15.34,1.2733208304598724,20260830,,
000001.SZ,1w,2019-09-29,12.047238710812424,12.596982328646108,11.921583026736155,12.487033605079372,7165575.0,11171241655.780003,20190929,15.9,1.2733208304598724,20260830,,
000001.SZ,1w,2019-10-06,12.369231401257867,12.479180124824605,12.227868756672065,12.243575717181598,1046363.0,1645828526.9,20191006,15.59,1.2733208304598724,20260830,,
000001.SZ,1w,2019-10-13,12.251429197436364,13.311649031829896,12.251429197436364,13.201700308263158,4988537.0,8123868836.77,20191013,16.81,1.2733208304598724,20260830,,
000001.SZ,1w,2019-10-20,13.327355992339431,13.822125248389746,12.903268058582016,12.96609590062015,6030244.0,10224771836.76,20191020,16.509999999999998,1.2733208304598724,20260830,,
000001.SZ,1w,2019-10-27,12.903268058582016,13.35091643310373,12.589128848391342,13.256674670046529,5597666.0,9274738222.210001,20191027,16.880000000000003,1.2733208304598724,20260830,,
000001.SZ,1w,2019-11-03,13.335209472594197,13.382330354122798,12.754051933741447,13.240967709536994,4830536.0,8026630050.929999,20191103,16.86,1.2733208304598724,20260830,,
000001.SZ,1w,2019-11-10,13.335209472594197,13.696469564313473,13.068191143932122,13.07604462418689,4486669.0,7610828496.789999,20191110,16.650000000000002,1.2733208304598724,20260830,,
000001.SZ,1w,2019-11-17,12.958242420365385,12.99750982163922,12.612689289155641,12.832586736289118,3163027.0,5165808055.4800005,20191117,16.340000000000003,1.2733208304598724,20260830,,
000001.SZ,1w,2019-11-24,12.840440216543882,12.99750982163922,12.21216179616253,12.243575717181598,4390457.0,7019161459.6,20191124,15.59,1.2733208304598724,20260830,,
000001.SZ,1w,2019-12-01,12.282843118455432,12.479180124824605,11.921583026736155,12.00797130953859,3106605.0,4828270986.07,20191201,15.29,1.2733208304598724,20260830,,
000001.SZ,1w,2019-12-08,12.055092191067192,12.345670960493567,11.945143467500456,12.251429197436366,2803539.0,4319293649.81,20191208,15.600000000000001,1.2733208304598724,20260830,,
000001.SZ,1w,2019-12-15,12.267136157945897,12.659810170684244,11.976557388519524,12.659810170684244,3565981.0,5566526809.21,20191215,16.12,1.2733208304598724,20260830,,
000001.SZ,1w,2019-12-22,12.659810170684244,13.146725946479792,12.463473164315072,13.028923742658288,4108161.0,6738098087.46,20191222,16.59,1.2733208304598724,20260830,,
000001.SZ,1w,2019-12-29,13.099605064951191,13.295942071320361,12.699077571958078,13.060337663677354,3004444.0,4957243232.75,20191229,16.63,1.2733208304598724,20260830,,
000001.SZ,1w,2020-01-05,12.926828499346318,13.594374321001506,12.64410321017471,13.492279077689536,4327837.0,7243549092.28,20200105,17.180000000000003,1.2733208304598724,20260830,,
000001.SZ,1w,2020-01-12,13.358769913358499,13.617934761765804,12.973949380874918,13.107458545205958,4055698.0,6849067764.66,20200112,16.69,1.2733208304598724,20260830,,
000001.SZ,1w,2020-01-19,13.154579426734557,13.562960399982439,12.722638012722378,12.87185413756295,4669605.0,7785567279.66,20200119,16.39,1.2733208304598724,20260830,,
000001.SZ,1w,2020-01-26,12.903268058582016,13.044630703167824,12.08650611208626,12.204308315907763,3462733.0,5542963816.74,20200126,15.540000000000001,1.2733208304598724,20260830,,
000001.SZ,1w,2020-02-09,10.987018876418894,11.693832099347915,10.987018876418894,11.481788132469209,7567413.0,10907179932.34,20200209,14.620000000000001,1.2733208304598724,20260830,,
000001.SZ,1w,2020-02-16,11.395399849666774,11.890169105717087,11.230476764316668,11.803780822914652,6343144.0,9327640829.83,20200216,15.030000000000001,1.2733208304598724,20260830,,
000001.SZ,1w,2020-02-23,11.811634303169418,12.345670960493567,11.725246020366981,12.235722236926833,5621929.0,8594613986.87,20200223,15.580000000000002,1.2733208304598724,20260830,,
000001.SZ,1w,2020-03-01,12.141480473869628,12.141480473869628,11.356132448392938,11.387546369412005,5788882.0,8671664038.69,20200301,14.5,1.2733208304598724,20260830,,
000001.SZ,1w,2020-03-08,11.42681377068584,12.282843118455432,11.356132448392938,11.80378082291465,7047892.0,10562556387.78,20200308,15.03,1.2733208304598724,20260830,,
000001.SZ,1w,2020-03-15,11.55246945476211,11.685978619093149,10.916337554125992,11.403253329921538,5804300.0,8447173855.610001,20200315,14.52,1.2733208304598724,20260830,,
000001.SZ,1w,2020-03-22,11.348278968138171,11.356132448392938,9.353494983427378,9.832557278968158,7438644.0,9656518641.79,20200322,12.52,1.2733208304598724,20260830,,
000001.SZ,1w,2020-03-29,9.42417630572028,10.507956580878114,9.369201943936911,10.327326535018473,5116480.0,6511183570.7,20200329,13.15,1.2733208304598724,20260830,,
000001.SZ,1w,2020-04-05,10.091722127375467,10.31161957450894,9.85611771973246,9.903238601261062,3039657.0,3902421857.8900003,20200405,12.610000000000001,1.2733208304598724,20260830,,
000001.SZ,1w,2020-04-12,10.123136048394535,10.193817370687437,9.934652522280128,10.044601245846867,2474256.0,3173522826.2400002,20200412,12.790000000000001,1.2733208304598724,20260830,,
000001.SZ,1w,2020-04-19,9.950359482789663,10.240938252216038,9.793289877694326,10.123136048394535,3909014.0,4991353469.29,20200419,12.89,1.2733208304598724,20260830,,
000001.SZ,1w,2020-04-26,10.099575607630234,10.759267949030654,10.028894285337332,10.398007857311375,5186698.0,6891151840.64,20200426,13.24,1.2733208304598724,20260830,,
000001.SZ,1w,2020-05-03,10.445128738839978,11.246183724826201,10.405861337566144,10.939897994890293,3636656.0,5000134259.29,20200503,13.930000000000001,1.2733208304598724,20260830,,
000001.SZ,1w,2020-05-10,10.806388830559255,11.010579317183193,10.680733146482984,10.955604955399826,2606529.0,3585001602.0099998,20200510,13.95,1.2733208304598724,20260830,,
000001.SZ,1w,2020-05-17,10.932044514635525,11.09696759998563,10.319473054763707,10.390154377056609,3513198.0,4766082256.04,20200517,13.23,1.2733208304598724,20260830,,
000001.SZ,1w,2020-05-24,10.36659393629231,10.696440106992517,10.146696489158835,10.146696489158835,3336978.0,4437394774.95,20200524,12.92,1.2733208304598724,20260830,,
000001.SZ,1w,2020-05-31,10.361305072842576,10.53705581424777,10.193543001501254,10.385271083034192,2707914.0,3524256189.3299994,20200531,13.0,1.2517728132525434,20260830,,
000001.SZ,1w,2020-06-07,10.465157783672918,11.08827404865497,10.449180443545172,10.856602616802668,3689316.0,4982716889.51,20200607,13.59,1.2517728132525434,20260830,,
000001.SZ,1w,2020-06-14,10.92850064737752,11.064308038463352,10.281418372203852,10.37728241297032,4020339.0,5336826083.45,20200614,12.99,1.2517728132525434,20260830,,
000001.SZ,1w,2020-06-21,10.265441032076108,10.37728241297032,10.057735610415422,10.225497681756742,4754010.0,6070619284.82,20200621,12.799999999999999,1.2517728132525434,20260830,,
000001.SZ,1w,2020-06-28,10.17756566137351,10.289407042267722,10.001814919968314,10.225497681756742,3833107.0,4865399021.02,20200628,12.799999999999999,1.2517728132525434,20260830,,
000001.SZ,1w,2020-07-05,10.321361722523214,11.439775531465358,10.153599651181892,11.38385484101825,10032645.0,13447089830.080002,20200705,14.25,1.2517728132525434,20260830,,
000001.SZ,1w,2020-07-12,11.663458293253786,13.285158316219897,11.655469623189914,11.87116371491447,15709994.0,24255810504.079998,20200712,14.86,1.2517728132525434,20260830,,
000001.SZ,1w,2020-07-19,11.74334499389251,12.134789827022262,11.144194739102078,11.295979470315654,9155527.0,13302902130.25,20200719,14.14,1.2517728132525434,20260830,,
000001.SZ,1w,2020-07-26,11.367877500890506,11.799265684339618,10.720795225716836,10.784704586227816,8403858.0,11926957908.29,20200726,13.5,1.2517728132525434,20260830,,
000001.SZ,1w,2020-08-02,10.920511977313648,10.92850064737752,10.465157783672918,10.656885865205856,6747129.0,9013001728.67,20200802,13.34,1.2517728132525434,20260830,,
000001.SZ,1w,2020-08-09,10.760738576036198,11.303968140379526,10.728783895780708,10.944477987505266,7672151.0,10547823418.74,20200809,13.700000000000001,1.2517728132525434,20260830,,
000001.SZ,1w,2020-08-16,10.920511977313648,11.71139031363702,10.880568626994286,11.559605582423444,7728308.0,11013019565.380001,20200816,14.47,1.2517728132525434,20260830,,
000001.SZ,1w,2020-08-23,11.663458293253788,12.262608548044222,11.439775531465358,11.5436282422957,8607536.0,12861245537.390001,20200823,14.450000000000001,1.2517728132525434,20260830,,
000001.SZ,1w,2020-08-30,11.583571592615062,12.126801156958388,11.272013460124036,12.086857806639026,5438954.0,7980717336.709999,20200830,15.129999999999999,1.2517728132525434,20260830,,
000001.SZ,1w,2020-09-06,12.222665197724858,12.526234660152012,11.663458293253786,11.951050415553194,6479888.0,9837477236.03,20200906,14.959999999999999,1.2517728132525434,20260830,,
000001.SZ,1w,2020-09-13,11.887141055042216,12.430370619385542,11.83920903465898,11.990993765872556,5363879.0,8161444523.32,20200913,15.01,1.2517728132525434,20260830,,
000001.SZ,1w,2020-09-20,11.990993765872556,12.853770132770782,11.919095735297704,12.837792792643038,4421208.0,6880348574.12,20200920,16.07,1.2517728132525434,20260830,,
000001.SZ,1w,2020-09-27,12.78187210219593,12.821815452515292,12.07088046651128,12.13478982702226,4038216.0,6269081757.9800005,20200927,15.19,1.2517728132525434,20260830,,
000001.SZ,1w,2020-10-04,12.134789827022262,12.310540568427456,11.791277014275746,12.118812486894516,3012150.0,4538196906.21,20201004,15.17,1.2517728132525434,20260830,,
000001.SZ,1w,2020-10-11,12.222665197724858,12.42238194932167,12.086857806639026,12.12680115695839,900426.0,1376995906.6,20201011,15.180000000000001,1.2517728132525434,20260830,,
000001.SZ,1w,2020-10-18,12.158755837213878,13.876319900946454,12.150767167150006,13.660625809221898,6858404.0,11264536183.58,20201018,17.099999999999998,1.2517728132525434,20260830,,
000001.SZ,1w,2020-10-25,13.82039921049935,15.002722379952473,13.780455860179988,14.483458825800765,7809759.0,13896242685.88,20201025,18.130000000000003,1.2517728132525434,20260830,,
000001.SZ,1w,2020-11-01,14.53937951624787,14.667198237269831,13.812410540435476,14.17988936337361,5270696.0,9361753656.21,20201101,17.75,1.2517728132525434,20260830,,
000001.SZ,1w,2020-11-08,14.100002662734887,14.779039618164044,13.756489849988368,14.092013992671014,5452209.0,9751109544.43,20201108,17.64,1.2517728132525434,20260830,,
000001.SZ,1w,2020-11-15,14.115980002862628,14.779039618164044,13.33309033660313,13.72453516973288,4879064.0,8609537891.61,20201115,17.18,1.2517728132525434,20260830,,
000001.SZ,1w,2020-11-22,13.644648469094154,15.170484451293794,13.50085240794445,15.066631740463452,4871849.0,8862074070.23,20201122,18.86,1.2517728132525434,20260830,,
000001.SZ,1w,2020-11-29,15.058643070399581,15.977340127744913,15.018699720080217,15.737680025828737,3790418.0,7353643742.89,20201129,19.7,1.2517728132525434,20260830,,
000001.SZ,1w,2020-12-06,15.897453427106187,16.68034309336569,15.154507111166048,15.418133223273838,5340346.0,10589054526.08,20201206,19.299999999999997,1.2517728132525434,20260830,,
000001.SZ,1w,2020-12-13,15.426121893337712,15.490031253848693,14.555356856375614,14.795016958291788,3766337.0,7051918209.140001,20201213,18.52,1.2517728132525434,20260830,,
000001.SZ,1w,2020-12-20,14.85892631880277,15.258359821996393,14.49943616592851,14.66719823726983,4058817.0,7590220818.599998,20201220,18.36,1.2517728132525434,20260830,,
000001.SZ,1w,2020-12-27,14.619266216886595,14.89886966912213,14.2118440436291,14.41156079522591,3895726.0,7075834761.260001,20201227,18.04,1.2517728132525434,20260830,,
000001.SZ,1w,2021-01-03,14.395583455098166,15.641815985062268,14.347651434714932,15.45008790352933,4136430.0,7826713658.08,20210103,19.34,1.2517728132525434,20260830,,
000001.SZ,1w,2021-01-10,15.258359821996393,16.057226828383634,14.219832713692972,15.857510076786824,8090171.0,15284402123.61,20210110,19.849999999999998,1.2517728132525434,20260830,,
000001.SZ,1w,2021-01-17,15.977340127744913,17.53513079020004,15.93739677742555,16.776207134132157,7738588.0,16089706417.1,20210117,21.0,1.2517728132525434,20260830,,
000001.SZ,1w,2021-01-24,16.935980535409605,18.349975136715035,16.935980535409605,17.599040150711023,6549396.0,14612303402.87,20210124,22.03,1.2517728132525434,20260830,,
000001.SZ,1w,2021-01-31,17.351391378730973,18.80532933035576,17.119719946878675,18.445839177481503,5546974.0,12617391854.650002,20210131,23.09,1.2517728132525434,20260830,,
000001.SZ,1w,2021-02-07,18.37394114690665,20.219323931661187,18.134281044990473,19.915754469234034,8085504.0,19501271325.370003,20210207,24.93,1.2517728132525434,20260830,,
000001.SZ,1w,2021-02-14,19.891788459042417,19.939720479425652,18.6775106093338,19.029012092144193,3945226.0,9523668369.68,20210214,23.82,1.2517728132525434,20260830,,
000001.SZ,1w,2021-02-21,19.172808153293893,19.61218500680688,18.75739730997253,19.05297810233581,2427814.0,5816945938.619999,20210221,23.85,1.2517728132525434,20260830,,
000001.SZ,1w,2021-02-28,19.013034752016445,19.013034752016445,16.94396920547348,17.079776596559313,7974182.0,17700058758.64,20210228,21.380000000000003,1.2517728132525434,20260830,,
000001.SZ,1w,2021-03-07,17.20759531758127,18.765385980036402,16.92000319528186,17.846688922691065,6612197.0,14684798580.310001,20210307,22.34,1.2517728132525434,20260830,,
000001.SZ,1w,2021-03-14,17.926575623329793,18.126292374926603,16.20102288953334,17.159663297198037,5250946.0,11135634751.689999,20210314,21.48,1.2517728132525434,20260830,,
000001.SZ,1w,2021-03-21,17.095753936687053,17.670938181285873,16.272920920108195,16.35280762074692,4937154.0,10497624003.52,20210321,20.470000000000002,1.2517728132525434,20260830,,
000001.SZ,1w,2021-03-28,16.4167169812579,17.29547068828387,16.296886930299813,16.888048515026373,4298952.0,9043860298.130001,20210328,21.14,1.2517728132525434,20260830,,
000001.SZ,1w,2021-04-04,16.999889895920585,17.662949511222,16.935980535409605,17.17564063732578,3426883.0,7418831960.139999,20210404,21.5,1.2517728132525434,20260830,,
000001.SZ,1w,2021-04-11,17.215583987645143,17.646972171094255,16.84011649464314,17.015867236048333,1700698.0,3665203187.92,20210411,21.3,1.2517728132525434,20260830,,
000001.SZ,1w,2021-04-18,17.18362930738965,17.18362930738965,15.825555396531335,16.185045549405594,3097948.0,6350586652.190001,20210418,20.259999999999998,1.2517728132525434,20260830,,
000001.SZ,1w,2021-04-25,16.00130613793653,18.89320470105836,15.905442097170061,18.60561257875895,5197080.0,11572470457.800001,20210425,23.29,1.2517728132525434,20260830,,
000001.SZ,1w,2021-05-02,19.068955442463555,19.356547564762966,18.198190405501457,18.60561257875895,3113505.0,7243295754.120001,20210502,23.290000000000003,1.2517728132525434,20260830,,
000001.SZ,1w,2021-05-09,18.453827847545377,19.41246825521007,18.453827847545377,19.21275150361326,1302509.0,3103293982.52,20210509,24.05,1.2517728132525434,20260830,,
000001.SZ,1w,2021-05-16,19.323563943803244,19.35576988370958,18.196356047081387,18.776062965395482,2805365.0,6546422122.240001,20210516,23.32,1.2420069128964388,20260830,,
000001.SZ,1w,2021-05-23,18.639187720793544,19.42823324849884,18.478158021261848,18.912938209997424,2297524.0,5424482631.849999,20210523,23.490000000000002,1.2420069128964388,20260830,,
000001.SZ,1w,2021-05-30,18.904886725020837,20.257536201087067,18.671393660699884,19.726138192632476,3232067.0,7903013723.24,20210530,24.5,1.2420069128964388,20260830,,
000001.SZ,1w,2021-06-06,19.589262948030537,20.09650650155537,18.82437187525499,19.758344132538813,2795536.0,6721596107.6,20210606,24.54,1.2420069128964388,20260830,,
000001.SZ,1w,2021-06-13,19.710035222679306,20.17702135132122,18.61503326586379,18.816320390278406,2836704.0,6842996191.830001,20210613,23.37,1.2420069128964388,20260830,,
000001.SZ,1w,2021-06-20,18.80021742032524,19.073967909529117,18.02727486257311,18.23661347196431,2186212.0,5036533845.7,20210620,22.650000000000002,1.2420069128964388,20260830,,
000001.SZ,1w,2021-06-27,18.196356047081387,19.001504544739852,17.72131843346289,18.808268905301823,2874188.0,6560803101.130001,20210627,23.36,1.2420069128964388,20260830,,
000001.SZ,1w,2021-07-04,18.808268905301823,18.920989694974008,17.520031309048274,17.5602887339312,3814952.0,8571652353.08,20210704,21.810000000000002,1.2420069128964388,20260830,,
000001.SZ,1w,2021-07-11,17.46367091421218,18.558672871027696,16.924221420781006,17.125508545195622,4339667.0,9474216252.619999,20210711,21.27,1.2420069128964388,20260830,,
000001.SZ,1w,2021-07-18,17.31069269965707,17.56834021890778,16.43308083720934,17.181868940031716,3912472.0,8267346587.360001,20210718,21.34,1.2420069128964388,20260830,,
000001.SZ,1w,2021-07-25,17.197971909984886,17.254332304820977,16.102969953169367,16.183484802935215,3675299.0,7534544692.03,20210725,20.1,1.2420069128964388,20260830,,
000001.SZ,1w,2021-08-01,16.07076401326303,16.094918468192784,13.880760099631997,14.243076923578307,5694383.0,10376362800.57,20210801,17.69,1.2420069128964388,20260830,,
000001.SZ,1w,2021-08-08,14.202819498695384,14.613445232501201,13.832451189772486,14.379952168180246,3975520.0,7076375065.190001,20210808,17.86,1.2420069128964388,20260830,,
000001.SZ,1w,2021-08-15,14.42020959306317,16.569956081811277,14.363849198227076,16.014403618426936,5332437.0,10394785809.960001,20210815,19.89,1.2420069128964388,20260830,,
000001.SZ,1w,2021-08-22,16.175433317958632,17.06914815035953,15.056276906213359,15.635983824527456,4700408.0,9361753148.25,20210822,19.419999999999998,1.2420069128964388,20260830,,
000001.SZ,1w,2021-08-29,15.700395704340133,16.14322737805229,14.742268992126556,14.806680871939232,4439325.0,8486096913.88,20210829,18.389999999999997,1.2420069128964388,20260830,,
000001.SZ,1w,2021-09-05,14.66175414236071,15.120688786026038,13.69557594517055,14.52487889775877,8561396.0,15317965298.75,20210905,18.04,1.2420069128964388,20260830,,
000001.SZ,1w,2021-09-12,14.436312563016338,16.72293429636639,14.315540288367568,16.561904596834694,7218222.0,13895316077.100002,20210912,20.57,1.2420069128964388,20260830,,
000001.SZ,1w,2021-09-19,16.392823412326415,16.900066965851252,14.822783841892404,14.91940166161142,5598853.0,10850721041.93,20210919,18.53,1.2420069128964388,20260830,,
000001.SZ,1w,2021-09-26,14.388003653156831,14.750320477103145,13.961274949397842,13.969326434374429,4118899.0,7291852881.67,20210926,17.35,1.2420069128964388,20260830,,
000001.SZ,1w,2021-10-03,13.856605644702238,14.846938296822158,13.73583337005347,14.436312563016338,4459568.0,7940554679.91,20211003,17.93,1.2420069128964388,20260830,,
000001.SZ,1w,2021-10-10,14.62954820245437,15.209255120768468,14.508775927805601,15.007967996353852,1159201.0,2146983881.5400002,20211010,18.64,1.2420069128964388,20260830,,
000001.SZ,1w,2021-10-17,15.2978214555109,16.038558073356693,15.209255120768468,15.829219463965488,5130951.0,9984364949.099998,20211017,19.66,1.2420069128964388,20260830,,
000001.SZ,1w,2021-10-24,15.660138279457213,16.578007566787864,15.378336305276747,16.135175893075708,4831619.0,9508146435.27,20211024,20.04,1.2420069128964388,20260830,,
000001.SZ,1w,2021-10-31,15.869476888848412,16.46528677711568,15.55546897476161,15.700395704340133,3230176.0,6402965188.530001,20211031,19.5,1.2420069128964388,20260830,,
000001.SZ,1w,2021-11-07,15.563520459738196,15.885579858801583,14.146459103859291,14.202819498695384,6033604.0,11030530923.48,20211107,17.64,1.2420069128964388,20260830,,
000001.SZ,1w,2021-11-14,14.186716528742215,14.999916511377265,13.816348219819318,14.710063052220217,6880514.0,12184832613.65,20211114,18.27,1.2420069128964388,20260830,,
000001.SZ,1w,2021-11-21,14.774474932032893,14.999916511377265,14.25112840855489,14.613445232501201,3507056.0,6351301377.42,20211121,18.15,1.2420069128964388,20260830,,
000001.SZ,1w,2021-11-28,14.516827412782186,14.774474932032897,14.106201678976365,14.154510588835873,4013940.0,7156518778.240001,20211128,17.58,1.2420069128964388,20260830,,
000001.SZ,1w,2021-12-05,14.017635344233936,14.339694743297324,13.969326434374429,14.210870983671967,3655534.0,6410696992.16,20211205,17.65,1.2420069128964388,20260830,,
000001.SZ,1w,2021-12-12,14.371900683203663,15.34613036537041,14.331643258320739,14.798629386962649,7187492.0,13225785167.760002,20211212,18.38,1.2420069128964388,20260830,,
000001.SZ,1w,2021-12-19,14.871092751751911,15.201203635791883,14.009583859257353,14.146459103859291,5968176.0,10640139953.05,20211219,17.57,1.2420069128964388,20260830,,
000001.SZ,1w,2021-12-26,14.138407618882704,14.259179893531476,13.856605644702242,13.93712049446809,4164924.0,7257929815.070002,20211226,17.310000000000002,1.2420069128964388,20260830,,
000001.SZ,1w,2022-01-02,13.953223464421258,13.969326434374429,13.20443536159888,13.268847241411557,5874557.0,9917442385.57,20220102,16.479999999999997,1.2420069128964388,20260830,,
000001.SZ,1w,2022-01-09,13.26884724141156,13.912966039538333,13.027302692114018,13.848554159725657,5365773.0,9097258436.17,20220109,17.2,1.2420069128964388,20260830,,
000001.SZ,1w,2022-01-16,13.921017524514921,14.122304648929536,13.123920511833036,13.14807496676279,7006455.0,11887436339.4,20220116,16.330000000000002,1.2420069128964388,20260830,,
000001.SZ,1w,2022-01-23,13.16417793671596,14.138407618882708,12.978993782254511,13.969326434374429,7797932.0,13148622661.149998,20220123,17.35,1.2420069128964388,20260830,,
000001.SZ,1w,2022-01-30,13.961274949397842,13.99348088930418,12.73744923295697,12.745500717933554,5653237.0,9372505975.75,20220130,15.83,1.2420069128964388,20260830,,
000001.SZ,1w,2022-02-13,12.898478932488663,13.961274949397842,12.793809627793063,13.76803930995981,6184029.0,10355377575.85,20220213,17.1,1.2420069128964388,20260830,,
000001.SZ,1w,2022-02-20,13.76803930995981,13.808296734842735,12.962890812301342,13.502340305732515,4738324.0,7805580663.09,20220220,16.77,1.2420069128964388,20260830,,
000001.SZ,1w,2022-02-27,13.413773970990084,13.421825455966669,12.7213462630038,12.801861112769648,4633178.0,7472202616.710001,20220227,15.9,1.2420069128964388,20260830,,
000001.SZ,1w,2022-03-06,12.801861112769648,12.842118537652572,12.302669044221398,12.342926469104322,3989012.0,6240135261.53,20220306,15.330000000000002,1.2420069128964388,20260830,,
000001.SZ,1w,2022-03-13,12.214102709478965,12.214102709478965,10.644063139044952,11.99671261511118,7659757.0,11068497264.279999,20220313,14.9,1.2420069128964388,20260830,,
000001.SZ,1w,2022-03-20,11.779322520743394,12.020867070040934,10.877556203365907,11.835682915579486,7690463.0,10987348071.830002,20220320,14.700000000000001,1.2420069128964388,20260830,,
000001.SZ,1w,2022-03-27,11.674653216047792,12.326823499151152,11.586086881305361,12.061124494923858,5632920.0,8421633965.1,20220327,14.98,1.2420069128964388,20260830,,
000001.SZ,1w,2022-04-03,11.916197765345332,12.713294778027217,11.755168065813638,12.681088838120878,5228198.0,7955940784.620001,20220403,15.750000000000002,1.2420069128964388,20260830,,
000001.SZ,1w,2022-04-10,12.592522503378447,13.413773970990084,12.584471018401862,13.20443536159888,5214384.0,8529126469.100001,20220410,16.4,1.2420069128964388,20260830,,
000001.SZ,1w,2022-04-17,13.16417793671596,13.309104666294484,12.608625473331616,13.220538331552053,5508000.0,8855139310.77,20220417,16.42,1.2420069128964388,20260830,,
000001.SZ,1w,2022-04-24,13.003148237184266,13.043405662067189,12.399286863940414,12.930684872395002,4256380.0,6759277931.03,20220424,16.06,1.2420069128964388,20260830,,
000001.SZ,1w,2022-05-01,12.6166769583082,12.826015567699402,11.63439579116487,12.334874984127737,6699771.0,10211197362.27,20220501,15.32,1.2420069128964388,20260830,,
000001.SZ,1w,2022-05-08,12.23825716440872,12.439544288823338,12.004764100087764,12.045021524970688,1622628.0,2459730736.6,20220508,14.96,1.2420069128964388,20260830,,
000001.SZ,1w,2022-05-15,12.028918555017519,12.028918555017519,11.36064530196099,11.763219550790224,4020856.0,5836666139.67,20220515,14.61,1.2420069128964388,20260830,,
000001.SZ,1w,2022-05-22,11.803476975673147,12.109433404783363,11.529726486469269,12.093330434830195,3917732.0,5751959984.589998,20220522,15.02,1.2420069128964388,20260830,,
000001.SZ,1w,2022-05-29,12.133587859713119,12.133587859713119,11.32843936205465,11.417005696797082,3918896.0,5652997716.0,20220529,14.18,1.2420069128964388,20260830,,
000001.SZ,1w,2022-06-05,11.481417576609761,11.49752054656293,11.175461147499542,11.231821542335636,3660337.0,5141749625.41,20220605,13.950000000000001,1.2420069128964388,20260830,,
000001.SZ,1w,2022-06-12,11.199615602429295,11.642447276141452,10.982225508061509,11.529726486469269,7150399.0,10099325690.0,20220612,14.32,1.2420069128964388,20260830,,
000001.SZ,1w,2022-06-19,11.417005696797084,12.16579379961946,11.038585902897603,11.63439579116487,8499060.0,12229704902.11,20220619,14.450000000000001,1.2420069128964388,20260830,,
000001.SZ,1w,2022-06-26,11.626344306188283,11.779322520743394,11.320387877078065,11.457263121680004,5082076.0,7251989406.129999,20220626,14.229999999999999,1.2420069128964388,20260830,,
000001.SZ,1w,2022-07-03,11.465314606656591,12.133587859713119,11.44921163670342,12.012815585064349,6216923.0,9139037826.61,20220703,14.92,1.2420069128964388,20260830,,
000001.SZ,1w,2022-07-10,12.036970039994102,12.294617559244813,11.569983911352193,11.706859155954131,4363334.0,6422741837.43,20220710,14.540000000000001,1.2420069128964388,20260830,,
000001.SZ,1w,2022-07-17,11.674653216047792,11.85983737050924,10.644063139044952,10.660166108998123,7761328.0,10693452837.66,20220717,13.24,1.2420069128964388,20260830,,
000001.SZ,1w,2022-07-24,10.860202837795876,11.040523186800788,10.34383092928181,10.499562139786052,6057460.0,7963091534.92,20220724,12.81,1.220050877308397,20260830,,
000001.SZ,1w,2022-07-31,10.491365760285829,10.581525934788285,10.368420067782479,10.393009206283148,4293763.0,5497694152.7300005,20220731,12.68,1.220050877308397,20260830,,
000001.SZ,1w,2022-08-07,10.376616447282702,10.376616447282702,9.786477123266623,10.089743164774886,4512853.0,5508226064.950001,20220807,12.31,1.220050877308397,20260830,,
000001.SZ,1w,2022-08-14,10.040564887773547,10.17170695977712,9.85204815926841,10.14711782127645,4013279.0,4899187472.63,20220814,12.38,1.220050877308397,20260830,,
000001.SZ,1w,2022-08-21,10.07335040577444,10.450383862784712,9.893030056769527,10.302849031780692,6527859.0,8062057951.110001,20220821,12.57,1.220050877308397,20260830,,
000001.SZ,1w,2022-08-28,10.311045411280915,10.450383862784712,10.065154026274216,10.335634549781586,5346560.0,6672153361.05,20220828,12.610000000000001,1.220050877308397,20260830,,
000001.SZ,1w,2022-09-04,10.245474375279128,10.483169380785606,10.065154026274216,10.253670754779352,5025590.0,6304145256.000001,20220904,12.51,1.220050877308397,20260830,,
000001.SZ,1w,2022-09-11,10.212688857278236,10.442187483284489,10.065154026274216,10.42579472428404,4915562.0,6149517849.18,20220911,12.719999999999999,1.220050877308397,20260830,,
000001.SZ,1w,2022-09-18,10.556936796287616,10.737257145292526,10.294652652280469,10.294652652280469,5779192.0,7431254484.37,20220918,12.56,1.220050877308397,20260830,,
000001.SZ,1w,2022-09-25,10.278259893280023,10.384812826782925,9.999582990272431,10.07335040577444,3378881.0,4183942029.26,20220925,12.290000000000001,1.220050877308397,20260830,,
000001.SZ,1w,2022-10-02,9.966797472271537,10.065154026274216,9.679924189763721,9.70451332826439,3929225.0,4726317745.7300005,20221002,11.84,1.220050877308397,20260830,,
000001.SZ,1w,2022-10-16,9.589764015261265,9.647138671762828,9.270105214752556,9.45042556375747,3889583.0,4473123755.82,20221016,11.530000000000001,1.220050877308397,20260830,,
000001.SZ,1w,2022-10-23,9.360265389255012,9.540585738259924,9.073392106747196,9.089784865747642,4463147.0,5066486602.29,20221023,11.09,1.220050877308397,20260830,,
000001.SZ,1w,2022-10-30,9.089784865747642,9.097981245247865,8.532431059732458,8.540627439232681,5859530.0,6263082333.360001,20221030,10.42,1.220050877308397,20260830,,
000001.SZ,1w,2022-11-06,8.466860023730671,8.893071757742286,8.376699849228217,8.868482619241615,6426966.0,6786429829.23,20221106,10.82,1.220050877308397,20260830,,
000001.SZ,1w,2022-11-13,8.860286239741392,9.55697849726037,8.76192968573871,9.368461768755235,5500503.0,6090018241.05,20221113,11.43,1.220050877308397,20260830,,
000001.SZ,1w,2022-11-20,9.589764015261265,10.065154026274216,9.483211081758363,9.499603840758809,8683818.0,10333076554.12,20221120,11.59,1.220050877308397,20260830,,
000001.SZ,1w,2022-11-27,9.409443666256353,10.0241721287731,9.196337799250546,9.97499385177176,6344165.0,7492642654.129999,20221127,12.17,1.220050877308397,20260830,,
000001.SZ,1w,2022-12-04,9.75369160526573,11.196254397305031,9.581567635761042,10.573329555288062,12697360.0,16262623724.670002,20221204,12.9,1.220050877308397,20260830,,
000001.SZ,1w,2022-12-11,10.729060765792303,11.270021812807041,10.663489729790518,11.229039915305925,7599138.0,10173042704.83,20221211,13.7,1.220050877308397,20260830,,
000001.SZ,1w,2022-12-18,11.130683361303246,11.130683361303246,10.606115073288954,10.933970253297886,5028531.0,6650134426.99,20221218,13.34,1.220050877308397,20260830,,
000001.SZ,1w,2022-12-25,10.925773873797665,11.04052318680079,10.384812826782925,10.638900591289847,3778488.0,4904714508.84,20221225,12.98,1.220050877308397,20260830,,
000001.SZ,1w,2023-01-01,10.64709697079007,10.96675577129878,10.41759834478382,10.786435422293867,3959242.0,5164297882.92,20230101,13.16,1.220050877308397,20260830,,
000001.SZ,1w,2023-01-08,10.81922094029476,12.08146338332915,10.69627524779141,11.98310682932647,7244981.0,10247463963.32,20230108,14.620000000000001,1.220050877308397,20260830,,
000001.SZ,1w,2023-01-15,12.089659762829372,12.253587352833838,11.794590100821333,12.253587352833838,4732429.0,6951461789.639999,20230115,14.950000000000001,1.220050877308397,20260830,,
000001.SZ,1w,2023-01-22,12.253587352833838,12.524067876341206,12.106052521829819,12.401122183837858,4464774.0,6719803944.08,20230122,15.13,1.220050877308397,20260830,,
000001.SZ,1w,2023-02-05,12.786352020348353,12.901101333351479,11.606073372316198,11.73721544431977,6882520.0,10154829722.02,20230205,14.32,1.220050877308397,20260830,,
000001.SZ,1w,2023-02-12,11.556895095314857,11.73721544431977,11.360181987309497,11.458538541312176,4522597.0,6361080754.9,20230212,13.979999999999999,1.220050877308397,20260830,,
000001.SZ,1w,2023-02-19,11.425753023311284,11.458538541312178,11.007737668799896,11.007737668799896,6157722.0,8455072434.320001,20230219,13.43,1.220050877308397,20260830,,
000001.SZ,1w,2023-02-26,11.06511232530146,11.73721544431977,11.056915945801236,11.360181987309499,5300088.0,7413058508.070001,20230226,13.860000000000001,1.220050877308397,20260830,,
000001.SZ,1w,2023-03-05,11.270021812807041,11.83557199832245,11.155272499803916,11.7126263058191,4159681.0,5840998806.660001,20230305,14.290000000000001,1.220050877308397,20260830,,
000001.SZ,1w,2023-03-12,11.720822685319323,11.720822685319323,10.655293350290293,10.77004266329342,6425049.0,8711772466.01,20230312,13.14,1.220050877308397,20260830,,
000001.SZ,1w,2023-03-19,10.753649904292972,10.892988355796769,10.368420067782479,10.450383862784712,5602681.0,7244763345.16,20230319,12.75,1.220050877308397,20260830,,
000001.SZ,1w,2023-03-26,10.458580242284937,10.573329555288062,10.245474375279128,10.507758519286275,4332075.0,5513588507.670001,20230326,12.82,1.220050877308397,20260830,,
000001.SZ,1w,2023-04-02,10.491365760285829,10.499562139786052,10.171706959777119,10.270063513779798,3968392.0,4997116844.049999,20230402,12.53,1.220050877308397,20260830,,
000001.SZ,1w,2023-04-09,10.286456272780246,10.425794724284042,10.212688857278236,10.343830929281808,2559132.0,3225847162.29,20230409,12.62,1.220050877308397,20260830,,
000001.SZ,1w,2023-04-16,10.360223688282256,10.573329555288062,10.081546785274663,10.401205585783371,4757505.0,5992702319.59,20230416,12.69,1.220050877308397,20260830,,
000001.SZ,1w,2023-04-23,10.376616447282702,10.81922094029476,10.229081616278682,10.245474375279128,5587983.0,7182668995.38,20230423,12.5,1.220050877308397,20260830,,
000001.SZ,1w,2023-04-30,10.229081616278682,10.474973001285383,9.82745902076774,10.286456272780246,6210180.0,7630633826.170001,20230430,12.55,1.220050877308397,20260830,,
000001.SZ,1w,2023-05-07,10.163510580276895,10.74545352479275,9.991386610772206,10.581525934788285,3240453.0,4147127176.23,20230507,12.91,1.220050877308397,20260830,,
000001.SZ,1w,2023-05-14,10.606115073288954,11.147076120303693,10.335634549781584,10.343830929281808,8079668.0,10608856549.920002,20230514,12.62,1.220050877308397,20260830,,
000001.SZ,1w,2023-05-21,10.39300920628315,10.589722314288508,10.097939544275109,10.114332303275557,4056850.0,5099344654.110001,20230521,12.34,1.220050877308397,20260830,,
000001.SZ,1w,2023-05-28,10.089743164774886,10.204492477778013,9.679924189763721,9.917619195270197,3462116.0,4193002059.9500003,20230528,12.1,1.220050877308397,20260830,,
000001.SZ,1w,2023-06-04,9.925815574770422,9.942208333770868,9.425836425256799,9.7782807437664,4474524.0,5271499466.56,20230604,11.93,1.220050877308397,20260830,,
000001.SZ,1w,2023-06-11,9.737298846265285,9.99958299027243,9.688120569263944,9.737298846265283,4183499.0,5003153116.27,20230611,11.879999999999999,1.220050877308397,20260830,,
000001.SZ,1w,2023-06-18,9.924210379416337,9.99137931599445,9.563177345308974,9.764684155043316,4445270.0,5177012599.830001,20230618,11.63,1.1910267465223927,20260830,,
000001.SZ,1w,2023-06-25,9.764684155043316,9.764684155043316,9.521196759947653,9.529592877019917,2115131.0,2420406968.37,20230625,11.35,1.1910267465223927,20260830,,
000001.SZ,1w,2023-07-02,9.487612291658596,9.512800642875389,9.361670535574632,9.428839472152747,2508634.0,2817565513.0699997,20230702,11.23,1.1910267465223927,20260830,,
000001.SZ,1w,2023-07-09,9.437235589225011,9.680722984320674,9.386858886791424,9.403651120935953,3006411.0,3407108253.1699996,20230709,11.2,1.1910267465223927,20260830,,
000001.SZ,1w,2023-07-16,9.445631706297275,9.697515218465202,9.37846276971916,9.621950164814825,3646152.0,4134088306.7800007,20230716,11.46,1.1910267465223927,20260830,,
000001.SZ,1w,2023-07-23,9.579969579453502,9.605157930670297,9.420443355080483,9.521196759947653,2393678.0,2706406007.3499994,20230723,11.34,1.1910267465223927,20260830,,
000001.SZ,1w,2023-07-30,9.512800642875389,10.327223998885021,9.437235589225011,10.293639530595962,6673682.0,7868845220.93,20230730,12.26,1.1910267465223927,20260830,,
000001.SZ,1w,2023-08-06,10.327223998885021,10.520334691547099,10.016567667211243,10.327223998885021,6407566.0,7847066205.239999,20230806,12.3,1.1910267465223927,20260830,,
000001.SZ,1w,2023-08-13,10.251658945234643,10.302035647668228,9.982983198922186,9.982983198922186,3369360.0,4076047595.7599998,20230813,11.89,1.1910267465223927,20260830,,
000001.SZ,1w,2023-08-20,9.87383367698275,9.94939873063313,9.621950164814825,9.705911335537465,3886514.0,4528394282.9800005,20230820,11.559999999999999,1.1910267465223927,20260830,,
000001.SZ,1w,2023-08-27,9.705911335537467,9.722703569681995,9.27770936485199,9.428839472152747,4136737.0,4658692823.34,20230827,11.23,1.1910267465223927,20260830,,
000001.SZ,1w,2023-09-03,9.941002613560865,10.016567667211243,9.336482184357841,9.504404525803125,7283388.0,8276660555.27,20230903,11.32,1.1910267465223927,20260830,,
000001.SZ,1w,2023-09-10,9.529592877019917,9.73109968675426,9.428839472152747,9.462423940441802,3868119.0,4415000875.68,20230910,11.27,1.1910267465223927,20260830,,
000001.SZ,1w,2023-09-17,9.487612291658595,9.571573462381238,9.403651120935955,9.420443355080483,3082315.0,3481006287.81,20230917,11.22,1.1910267465223927,20260830,,
000001.SZ,1w,2023-09-24,9.420443355080483,9.445631706297275,9.26091713070746,9.437235589225011,3319275.0,3702090424.4700003,20230924,11.24,1.1910267465223927,20260830,,
000001.SZ,1w,2023-10-01,9.437235589225011,9.504404525803125,9.353274418502368,9.403651120935953,2217199.0,2485463863.76,20231001,11.2,1.1910267465223927,20260830,,
000001.SZ,1w,2023-10-15,9.370066652646896,9.403651120935953,9.193748194129348,9.23572877949067,3778234.0,4181456572.3100004,20231015,11.000000000000002,1.1910267465223927,20260830,,
000001.SZ,1w,2023-10-22,9.23572877949067,9.27770936485199,8.824319042949721,8.899884096600099,3362074.0,3637672825.37,20231022,10.6,1.1910267465223927,20260830,,
000001.SZ,1w,2023-10-29,8.891487979527835,8.908280213672363,8.648000584432172,8.773942340516134,4222269.0,4409035367.24,20231029,10.45,1.1910267465223927,20260830,,
000001.SZ,1w,2023-11-05,8.731961755154813,8.8998840966001,8.689981169793493,8.799130691732929,3350738.0,3506266398.9100003,20231105,10.48,1.1910267465223927,20260830,,
000001.SZ,1w,2023-11-12,8.824319042949721,8.975449150250476,8.639604467359908,8.648000584432172,4209927.0,4422933201.400001,20231112,10.3,1.1910267465223927,20260830,,
000001.SZ,1w,2023-11-19,8.656396701504436,8.773942340516134,8.496870477131417,8.522058828348207,4302026.0,4420551374.75,20231119,10.15,1.1910267465223927,20260830,,
000001.SZ,1w,2023-11-26,8.522058828348207,8.689981169793494,8.454889891770094,8.480078242986886,3949535.0,4022781388.55,20231126,10.1,1.1910267465223927,20260830,,
000001.SZ,1w,2023-12-03,8.471682125914622,8.471682125914622,8.043480155229146,8.11064909180726,4769782.0,4680144513.79,20231203,9.66,1.1910267465223927,20260830,,
000001.SZ,1w,2023-12-10,8.119045208879523,8.127441325951787,7.808388877205748,7.808388877205748,3752404.0,3558544438.78,20231210,9.3,1.1910267465223927,20260830,,
000001.SZ,1w,2023-12-17,7.741219940627634,7.976311218651032,7.665654886977255,7.732823823555369,4781821.0,4429172187.81,20231217,9.209999999999999,1.1910267465223927,20260830,,
000001.SZ,1w,2023-12-24,7.707635472338576,7.791596643061218,7.548109247965556,7.724427706483104,4036823.0,3687012893.27,20231224,9.2,1.1910267465223927,20260830,,
000001.SZ,1w,2023-12-31,7.707635472338576,7.959518984506504,7.573297599182348,7.883953930856125,4112846.0,3808874851.5800004,20231231,9.389999999999999,1.1910267465223927,20260830,,
000001.SZ,1w,2024-01-07,7.8839539308561255,7.925934516217446,7.61527818454367,7.783200525988954,4747792.0,4389545640.5,20240107,9.27,1.1910267465223927,20260830,,
000001.SZ,1w,2024-01-14,7.749616057699896,7.808388877205746,7.581693716254612,7.71603158941084,4453239.0,4078061922.3,20240114,9.19,1.1910267465223927,20260830,,
000001.SZ,1w,2024-01-21,7.690843238194048,7.8839539308561255,7.55650536503782,7.699239355266312,6384855.0,5880860175.530001,20240121,9.17,1.1910267465223927,20260830,,
000001.SZ,1w,2024-01-28,7.690843238194048,8.119045208879523,7.522920896748763,8.077064623518202,8909789.0,8311304146.860001,20240128,9.62,1.1910267465223927,20260830,,
000001.SZ,1w,2024-02-04,8.135837443024052,8.295363667397075,7.61527818454367,7.783200525988954,8002065.0,7628274948.800001,20240204,9.27,1.1910267465223927,20260830,,
000001.SZ,1w,2024-02-11,7.71603158941084,8.12744132595179,7.648862652832726,8.119045208879523,7517831.0,7143831509.910001,20240211,9.67,1.1910267465223927,20260830,,
000001.SZ,1w,2024-02-25,8.194610262529903,9.437235589225011,8.102252974734997,9.109787023406705,16273897.0,17183388310.58,20240225,10.85,1.1910267465223927,20260830,,
000001.SZ,1w,2024-03-03,9.051014203900854,9.1349753746235,8.731961755154813,8.807526808805193,11600654.0,12238282746.58,20240303,10.49,1.1910267465223927,20260830,,
000001.SZ,1w,2024-03-10,8.773942340516136,8.933468564889155,8.614416116143115,8.715169521010287,7949029.0,8269727741.029999,20240310,10.38,1.1910267465223927,20260830,,
000001.SZ,1w,2024-03-17,8.715169521010285,9.025825852684063,8.56403941370953,8.899884096600099,9779582.0,10239165550.98,20240317,10.6,1.1910267465223927,20260830,,
000001.SZ,1w,2024-03-24,8.866299628311042,8.908280213672363,8.656396701504436,8.698377286865759,5729884.0,5993555252.97,20240324,10.360000000000001,1.1910267465223927,20260830,,
000001.SZ,1w,2024-03-31,8.689981169793493,8.950260799033684,8.6647928185767,8.832715160021985,6142307.0,6456390165.97,20240331,10.52,1.1910267465223927,20260830,,
000001.SZ,1w,2024-04-07,8.832715160021985,8.967053033178212,8.748753989299342,8.782338457588398,3258392.0,3440120063.7700005,20240407,10.459999999999999,1.1910267465223927,20260830,,
000001.SZ,1w,2024-04-14,8.748753989299344,8.807526808805193,8.429701540553301,8.44649377469783,5325576.0,5478287519.940001,20240414,10.06,1.1910267465223927,20260830,,
000001.SZ,1w,2024-04-21,8.454889891770094,9.260917130707462,8.44649377469783,8.975449150250476,9787469.0,10336756410.35,20240421,10.69,1.1910267465223927,20260830,,
000001.SZ,1w,2024-04-28,8.933468564889155,9.076202555117648,8.773942340516136,8.899884096600099,6912853.0,7298568334.570001,20240428,10.6,1.1910267465223927,20260830,,
000001.SZ,1w,2024-05-05,8.86629962831104,9.151767608768026,8.832715160021985,9.05941032097312,3493734.0,3768758593.1000004,20240505,10.790000000000001,1.1910267465223927,20260830,,
000001.SZ,1w,2024-05-12,9.20214431120161,9.328086067285575,8.992241384395006,9.185352077057082,6930246.0,7523394940.25,20240512,10.94,1.1910267465223927,20260830,,
000001.SZ,1w,2024-05-19,9.151767608768026,9.588365696525766,9.076202555117648,9.588365696525766,9264621.0,10260432669.78,20240519,11.42,1.1910267465223927,20260830,,
000001.SZ,1w,2024-05-26,9.59676181359803,9.857041442838224,9.487612291658596,9.49600840873086,9555689.0,10974061614.92,20240526,11.31,1.1910267465223927,20260830,,
000001.SZ,1w,2024-06-02,9.49600840873086,9.722703569681995,9.286105481924254,9.328086067285575,6255698.0,7078681791.22,20240602,11.11,1.1910267465223927,20260830,,
000001.SZ,1w,2024-06-09,9.336482184357841,9.344878301430104,9.126579257551235,9.227332662418405,5546128.0,6077250994.63,20240609,10.99,1.1910267465223927,20260830,,
000001.SZ,1w,2024-06-16,9.877426744907126,9.913410084597135,8.986839087579435,9.157759951106971,5136553.0,5452606816.27,20240616,10.18,1.111625556287863,20260830,,
000001.SZ,1w,2024-06-23,9.112780776494462,9.184747455874477,8.950855747889428,8.995834922501938,3638227.0,3670422735.6700006,20240623,10.000000000000002,1.111625556287863,20260830,,
000001.SZ,1w,2024-06-30,8.96884741773443,9.229726630486986,8.887884903431914,9.130772446339465,4192646.0,4226905630.55,20240630,10.15,1.111625556287863,20260830,,
000001.SZ,1w,2024-07-07,9.076797436804455,9.427634998782027,8.923868243121921,8.96884741773443,5888902.0,6029461394.629999,20240707,9.97,1.111625556287863,20260830,,
000001.SZ,1w,2024-07-14,8.941859912966924,9.274705805099497,8.860897398664408,9.274705805099497,4710566.0,4764402012.32,20240714,10.31,1.111625556287863,20260830,,
000001.SZ,1w,2024-07-21,9.274705805099497,9.382655824169522,9.211734960641984,9.32868081463451,5018372.0,5192041040.280001,20240721,10.370000000000001,1.111625556287863,20260830,,
000001.SZ,1w,2024-07-28,9.319684979712006,9.33767664955701,8.96884741773443,9.022822427269443,4525109.0,4595621021.309999,20240728,10.030000000000001,1.111625556287863,20260830,,
000001.SZ,1w,2024-08-04,9.013826592346941,9.283701640021999,8.96884741773443,9.121776611416964,3815839.0,3877705934.4700003,20240804,10.14,1.111625556287863,20260830,,
000001.SZ,1w,2024-08-11,9.09478910664946,9.193743290796979,8.896880738354415,9.031818262191944,3772809.0,3776261799.4400005,20240811,10.04,1.111625556287863,20260830,,
000001.SZ,1w,2024-08-18,9.01382659234694,9.184747455874477,8.878889068509412,9.112780776494462,3448085.0,3459586752.08,20240818,10.13,1.111625556287863,20260830,,
000001.SZ,1w,2024-08-25,9.112780776494462,9.445626668627034,9.103784941571961,9.418639163859527,6267996.0,6483297826.040001,20240825,10.47,1.111625556287863,20260830,,
000001.SZ,1w,2024-09-01,9.445626668627034,9.490605843239543,9.094789106649458,9.139768281261967,4898095.0,5045587547.48,20240901,10.16,1.111625556287863,20260830,,
000001.SZ,1w,2024-09-08,9.10378494157196,9.184747455874477,8.977843252656934,9.067801601881952,4206483.0,4244361760.129999,20240908,10.08,1.111625556287863,20260830,,
000001.SZ,1w,2024-09-15,9.040814097114447,9.05880576695945,8.64499736052436,8.725959874826879,4664099.0,4577777819.240001,20240915,9.700000000000001,1.111625556287863,20260830,,
000001.SZ,1w,2024-09-22,8.743951544671882,8.905876573276915,8.689976535136871,8.905876573276915,1925201.0,1886128007.93,20240922,9.899999999999999,1.111625556287863,20260830,,
000001.SZ,1w,2024-09-29,8.896880738354415,10.399185170412236,8.878889068509412,10.273243481497211,11622288.0,12541342478.84,20240929,11.42,1.111625556287863,20260830,,
000001.SZ,1w,2024-10-06,10.45316017994725,11.064876954677382,10.399185170412238,10.983914440374864,5430284.0,6467438837.700001,20241006,12.21,1.111625556287863,20260830,,
000001.SZ,1w,2024-10-13,12.345650819533823,12.345650819533823,10.645021332107348,10.773717617642324,15655636.0,19326135424.2,20241013,11.72,1.0878324841935811,20260830,,
000001.SZ,1w,2024-10-20,11.012725005064423,11.242539800662597,10.736947250346617,11.067880556007983,10646292.0,12783332247.170002,20241020,12.04,1.0878324841935811,20260830,,
000001.SZ,1w,2024-10-27,10.975954637768718,10.975954637768718,10.690984291226982,10.764525025818397,7927362.0,9337358656.900002,20241027,11.709999999999999,1.0878324841935811,20260830,,
000001.SZ,1w,2024-11-03,10.736947250346617,10.792102801290179,10.332473210093834,10.507132454748444,6689931.0,7674708646.52,20241103,11.43,1.0878324841935811,20260830,,
000001.SZ,1w,2024-11-10,10.507132454748444,11.040302780536205,10.350858393741687,10.773717617642324,8397168.0,9767180421.96,20241110,11.72,1.0878324841935811,20260830,,
000001.SZ,1w,2024-11-17,10.690984291226982,10.884028719529447,10.497939862924516,10.516325046572371,6666445.0,7731601785.379999,20241117,11.44,1.0878324841935811,20260830,,
000001.SZ,1w,2024-11-24,10.690984291226982,11.067880556007985,10.36924357738954,10.36924357738954,10022658.0,11723798847.609999,20241124,11.28,1.0878324841935811,20260830,,
000001.SZ,1w,2024-12-01,10.369243577389541,10.534710230220224,10.240547291854565,10.461169495628809,4653933.0,5260303940.33,20241201,11.379999999999999,1.0878324841935811,20260830,,
000001.SZ,1w,2024-12-08,10.470362087452736,10.75533243399447,10.396821352861322,10.718562066698762,5478842.0,6290810074.71,20241208,11.66,1.0878324841935811,20260830,,
000001.SZ,1w,2024-12-15,10.69098429122698,10.985147229592641,10.626636148459495,10.626636148459495,6429589.0,7556068244.26,20241215,11.56,1.0878324841935811,20260830,,
000001.SZ,1w,2024-12-22,10.626636148459493,10.792102801290179,10.589865781163786,10.681791699403055,4036453.0,4689640574.29,20241222,11.62,1.0878324841935811,20260830,,
000001.SZ,1w,2024-12-29,10.70017688305091,11.04949537236013,10.70017688305091,10.874836127705521,6775612.0,8011303783.07,20241229,11.83,1.0878324841935811,20260830,,
000001.SZ,1w,2025-01-05,10.828873168585885,11.02191759688835,10.442784311980954,10.461169495628809,5801490.0,6781578226.18,20250105,11.379999999999999,1.0878324841935811,20260830,,
000001.SZ,1w,2025-01-12,10.46116949562881,10.690984291226982,10.31408802644598,10.387628761037394,4445402.0,5079074950.19,20250112,11.299999999999999,1.0878324841935811,20260830,,
000001.SZ,1w,2025-01-19,10.34166580191776,10.654213923931275,10.185391740911003,10.525517638396297,4353955.0,4963695527.96,20250119,11.45,1.0878324841935811,20260830,,
000001.SZ,1w,2025-01-26,10.571480597515933,10.589865781163786,10.185391740911003,10.424399128333102,5541091.0,6267861521.320001,20250126,11.34,1.0878324841935811,20260830,,
000001.SZ,1w,2025-02-02,10.46116949562881,10.617443556635568,10.46116949562881,10.543902822044153,1151935.0,1324270606.5500002,20250202,11.47,1.0878324841935811,20260830,,
000001.SZ,1w,2025-02-09,10.571480597515933,10.589865781163786,10.387628761037394,10.46116949562881,3206530.0,3647608734.92,20250209,11.38,1.0878324841935811,20260830,,
000001.SZ,1w,2025-02-16,10.461169495628809,10.617443556635568,10.424399128333102,10.617443556635566,5191615.0,5942299379.17,20250216,11.549999999999999,1.0878324841935811,20260830,,
000001.SZ,1w,2025-02-23,10.663406515755202,10.994339821416569,10.617443556635568,10.70017688305091,6994689.0,8214949975.030002,20250223,11.64,1.0878324841935811,20260830,,
000001.SZ,1w,2025-03-02,10.690984291226982,10.746139842170544,10.534710230220226,10.599058372987713,4635156.0,5360597048.96,20250302,11.53,1.0878324841935811,20260830,,
000001.SZ,1w,2025-03-09,10.589865781163788,10.75533243399447,10.516325046572371,10.72775465852269,4307226.0,4990623728.77,20250309,11.67,1.0878324841935811,20260830,,
000001.SZ,1w,2025-03-16,10.718562066698762,11.031110188712278,10.589865781163786,11.003532413240498,6184916.0,7297499959.93,20250316,11.97,1.0878324841935811,20260830,,
000001.SZ,1w,2025-03-23,10.690984291226982,10.727754658522691,10.470362087452736,10.497939862924516,10048903.0,11573476371.740002,20250323,11.42,1.0878324841935811,20260830,,
000001.SZ,1w,2025-03-30,10.488747271100591,10.516325046572371,10.424399128333102,10.433591720157029,3839344.0,4370527238.809999,20250330,11.35,1.0878324841935811,20260830,,
000001.SZ,1w,2025-04-06,10.442784311980954,10.488747271100591,10.31408802644598,10.424399128333102,3374152.0,3819145443.34,20250406,11.34,1.0878324841935811,20260830,,
000001.SZ,1w,2025-04-13,10.111851006319588,10.157813965439223,9.633836231475389,10.010732496256391,6524369.0,7050548491.39,20250413,10.89,1.0878324841935811,20260830,,
000001.SZ,1w,2025-04-20,10.065888047199952,10.286510250974198,10.019925088080319,10.277317659150272,3902586.0,4293641401.4999995,20250420,11.18,1.0878324841935811,20260830,,
000001.SZ,1w,2025-04-27,10.111851006319588,10.231354700030638,10.084273230847808,10.121043598143514,3858499.0,4255278425.2700005,20250427,11.01,1.0878324841935811,20260830,,
000001.SZ,1w,2025-05-04,10.111851006319588,10.148621373615295,10.010732496256391,10.029117679904246,2160898.0,2369223749.73,20250504,10.91,1.0878324841935811,20260830,,
000001.SZ,1w,2025-05-11,10.038310271728172,10.268125067326345,10.010732496256391,10.249739883678492,4037452.0,4456911912.56,20250511,11.15,1.0878324841935811,20260830,,
000001.SZ,1w,2025-05-18,10.258932475502418,10.571480597515933,10.231354700030638,10.46116949562881,5790354.0,6556931613.849999,20250518,11.38,1.0878324841935811,20260830,,
000001.SZ,1w,2025-05-25,10.479554679276662,10.6634065157552,10.442784311980954,10.534710230220224,4768915.0,5476590343.15,20250525,11.459999999999999,1.0878324841935811,20260830,,
000001.SZ,1w,2025-06-01,10.516325046572371,10.645021332107348,10.479554679276664,10.626636148459493,4209909.0,4840139385.490001,20250601,11.559999999999999,1.0878324841935811,20260830,,
000001.SZ,1w,2025-06-08,10.608250964811639,10.948376862296936,10.599058372987713,10.75533243399447,5209596.0,6133094642.849999,20250608,11.7,1.0878324841935811,20260830,,
000001.SZ,1w,2025-06-15,11.120749569239038,11.310361667606285,10.921656865953429,10.978540495463603,5681768.0,6665827977.2,20250615,11.58,1.054785014892,20260830,,
000001.SZ,1w,2025-06-22,10.969059890545239,11.262958643014473,10.93113747087179,11.225036223341023,4889431.0,5741579766.78,20250622,11.84,1.054785014892,20260830,,
000001.SZ,1w,2025-06-29,11.196594408585938,11.926600987299837,11.063865939728863,11.56633800040207,8924989.0,10825161124.35,20250629,12.200000000000001,1.054785014892,20260830,,
000001.SZ,1w,2025-07-06,11.509454370891895,12.059329456156911,11.338803482361373,11.945562197136564,6628992.0,8153561402.800001,20250706,12.600000000000001,1.054785014892,20260830,,
000001.SZ,1w,2025-07-13,11.945562197136562,12.637646356177015,11.945562197136562,12.239460949605794,8717516.0,11281222082.87,20250713,12.91,1.054785014892,20260830,,
000001.SZ,1w,2025-07-20,12.201538529932344,12.485956677483216,11.85075614795294,12.040368246320185,7797138.0,9952028414.31,20250720,12.7,1.054785014892,20260830,,
000001.SZ,1w,2025-07-27,11.983484616810012,12.049848851238549,11.680105259422417,11.708547074177503,7452394.0,9285930774.25,20250727,12.35,1.054785014892,20260830,,
000001.SZ,1w,2025-08-03,11.708547074177503,11.983484616810012,11.518934975810257,11.642182839748967,6668493.0,8266235205.880001,20250803,12.280000000000001,1.054785014892,20260830,,
000001.SZ,1w,2025-08-10,11.604260420075518,11.879197962708027,11.575818605320432,11.755950098769315,4407065.0,5469560203.360002,20250810,12.4,1.054785014892,20260830,,
000001.SZ,1w,2025-08-17,11.755950098769315,11.77491130860604,11.319842272524646,11.45257074138172,5923766.0,7234240082.59,20250817,12.08,1.054785014892,20260830,,
000001.SZ,1w,2025-08-24,11.433609531544995,11.556857395483707,11.357764692198097,11.433609531544995,6042335.0,7295857587.440001,20250824,12.06,1.054785014892,20260830,,
000001.SZ,1w,2025-08-31,11.490493161055168,11.879197962708025,11.348284087279735,11.424128926626633,9747451.0,11916876946.09,20250831,12.05,1.054785014892,20260830,,
000001.SZ,1w,2025-09-07,11.424128926626631,11.424128926626631,10.997501705300326,11.111268964320676,6833369.0,8085143760.16,20250907,11.72,1.054785014892,20260830,,
000001.SZ,1w,2025-09-14,11.101788359402311,11.262958643014473,11.063865939728863,11.111268964320676,4481955.0,5266187961.37,20250914,11.72,1.054785014892,20260830,,
000001.SZ,1w,2025-09-21,11.09230775448395,11.111268964320676,10.779447792177994,10.855292631524893,4540375.0,5252098648.28,20250921,11.450000000000001,1.054785014892,20260830,,
000001.SZ,1w,2025-09-28,10.84581202660653,11.016462915137051,10.732044767586181,10.807889606933081,4603930.0,5272504640.37,20250928,11.4,1.054785014892,20260830,,
000001.SZ,1w,2025-10-05,10.807889606933081,10.883734446279979,10.68464174299437,10.751005977422908,2008491.0,2276681055.02,20251005,11.340000000000002,1.054785014892,20260830,,
000001.SZ,1w,2025-10-12,10.741525372504544,10.893215051198341,10.68464174299437,10.836331421688167,2135417.0,2431275195.55,20251012,11.43,1.054785014892,20260830,,
000001.SZ,1w,2025-10-19,10.95937093985319,11.230450786421999,10.901282401302733,11.036822324587137,6584894.0,7537118912.050001,20251019,11.4,1.0329059999999999,20260830,,
000001.SZ,1w,2025-10-26,11.04650374767888,11.336946440431173,10.910963824394475,11.191725094055027,4901096.0,5640331314.610001,20251026,11.56,1.0329059999999999,20260830,,
000001.SZ,1w,2025-11-02,11.17236224787154,11.24013220951374,10.940008093669706,10.959370939853192,4941230.0,5648971742.12,20251102,11.32,1.0329059999999999,20260830,,
000001.SZ,1w,2025-11-09,10.978733786036678,11.269176478788971,10.940008093669706,11.182043670963283,4751695.0,5470801936.809999,20251109,11.55,1.0329059999999999,20260830,,
000001.SZ,1w,2025-11-16,11.152999401688055,11.462804940623833,11.085229440045852,11.375672132798146,5151028.0,6020436673.93,20251116,11.75,1.0329059999999999,20260830,,
000001.SZ,1w,2025-11-23,11.375672132798147,11.60802628699998,11.20140651714677,11.317583594247687,6102705.0,7176019479.16,20251123,11.69,1.0329059999999999,20260830,,
000001.SZ,1w,2025-11-30,11.327265017339428,11.472486363715575,11.211087940238512,11.24013220951374,4862706.0,5675502273.099999,20251130,11.61,1.0329059999999999,20260830,,
000001.SZ,1w,2025-12-07,11.230450786421999,11.356309286614659,11.036822324587137,11.162680824779798,4526840.0,5240882042.91,20251207,11.530000000000001,1.0329059999999999,20260830,,
000001.SZ,1w,2025-12-14,11.123955132412824,11.230450786421999,10.930326670577964,10.988415209128423,4751077.0,5422701668.49,20251214,11.350000000000001,1.0329059999999999,20260830,,
000001.SZ,1w,2025-12-21,10.978733786036678,11.278857901880714,10.969052362944934,11.249813632605484,3730032.0,4302520135.940001,20251221,11.62,1.0329059999999999,20260830,,
000001.SZ,1w,2025-12-28,11.24013220951374,11.249813632605484,11.123955132412824,11.17236224787154,2897674.0,3347589636.8599997,20251228,11.54,1.0329059999999999,20260830,,
000001.SZ,1w,2026-01-04,11.17236224787154,11.249813632605484,11.036822324587137,11.04650374767888,1821499.0,2093949610.31,20260104,11.41,1.0329059999999999,20260830,,
000001.SZ,1w,2026-01-11,11.056185170770622,11.443442094440346,11.04650374767888,11.094910863137594,5229850.0,6044280348.75,20260111,11.459999999999999,1.0329059999999999,20260830,,
000001.SZ,1w,2026-01-18,11.08522944004585,11.17236224787154,10.804468170385302,10.833512439660531,5195944.0,5914100833.88,20260118,11.19,1.0329059999999999,20260830,,
000001.SZ,1w,2026-01-25,10.794786747293557,10.852875285844016,10.630202554733927,10.639883977825669,4375771.0,4858324129.37,20260125,10.99,1.0329059999999999,20260830,,
000001.SZ,1w,2026-02-01,10.630202554733927,10.707653939467871,10.320397015798147,10.48498120835778,6383853.0,6958962524.7,20260201,10.83,1.0329059999999999,20260830,,
000001.SZ,1w,2026-02-08,10.475299785266037,10.785105324201817,10.426892669807321,10.697972516376128,4630517.0,5075309671.96,20260208,11.05,1.0329059999999999,20260830,,
000001.SZ,1w,2026-02-15,10.697972516376128,10.756061054926587,10.552751169999981,10.562432593091724,2887575.0,3182000163.9399996,20260215,10.91,1.0329059999999999,20260830,,
000001.SZ,1w,2026-03-01,10.581795439275211,10.601158285458698,10.436574092899063,10.552751169999981,2990605.0,3253306510.1600003,20260301,10.9,1.0329059999999999,20260830,,
000001.SZ,1w,2026-03-08,10.504344054541265,10.601158285458698,10.33007843888989,10.475299785266037,4146501.0,4479432890.540001,20260308,10.82,1.0329059999999999,20260830,,
000001.SZ,1w,2026-03-15,10.446255515990808,10.649565400917414,10.38816697744035,10.581795439275211,3943384.0,4277342705.1900005,20260315,10.930000000000001,1.0329059999999999,20260830,,
000001.SZ,1w,2026-03-22,10.581795439275211,10.717335362559615,10.417211246715578,10.426892669807321,4041634.0,4422271705.559999,20260322,10.77,1.0329059999999999,20260830,,
000001.SZ,1w,2026-03-29,10.339759861981634,10.697972516376128,10.097724284688056,10.668928247100897,5658912.0,6102835646.820001,20260329,11.02,1.0329059999999999,20260830,,
000001.SZ,1w,2026-04-05,10.630202554733925,10.959370939853192,10.591476862366953,10.765742478018328,4622664.0,5154463169.13,20260405,11.12,1.0329059999999999,20260830,,
000001.SZ,1w,2026-04-12,10.76574247801833,10.862556708935761,10.620521131642183,10.7366982087431,2504343.0,2780959336.1000004,20260412,11.09,1.0329059999999999,20260830,,
000001.SZ,1w,2026-04-19,10.697972516376128,10.872238132027505,10.639883977825669,10.659246824009156,2809638.0,3120515323.59,20260419,11.01,1.0329059999999999,20260830,,
000001.SZ,1w,2026-04-26,10.659246824009157,10.804468170385302,10.572114016183468,10.649565400917412,3506811.0,3866498458.67,20260426,11.0,1.0329059999999999,20260830,,
000001.SZ,1w,2026-05-03,10.969052362944934,11.230450786422,10.930326670577964,11.123955132412824,7593200.0,8696164218.67,20260503,11.49,1.0329059999999999,20260830,,
000001.SZ,1w,2026-05-10,11.133636555504568,11.133636555504568,10.940008093669706,10.940008093669706,2952166.0,3349223994.84,20260510,11.3,1.0329059999999999,20260830,,
000001.SZ,1w,2026-05-17,10.930326670577964,10.998096632220165,10.61083970855044,10.639883977825669,4747987.0,5299010506.540001,20260517,10.99,1.0329059999999999,20260830,,
000001.SZ,1w,2026-05-24,10.61083970855044,10.620521131642183,10.310715592706405,10.339759861981634,4461887.0,4816539830.860001,20260524,10.68,1.0329059999999999,20260830,,
000001.SZ,1w,2026-05-31,10.339759861981634,10.581795439275211,10.281671323431176,10.581795439275211,4640256.0,4995592413.59,20260531,10.930000000000001,1.0329059999999999,20260830,,
000001.SZ,1w,2026-06-07,10.552751169999981,10.746379631834843,10.426892669807321,10.630202554733927,4538070.0,4973111515.8,20260607,10.98,1.0329059999999999,20260830,,
000001.SZ,1w,2026-06-14,10.97,11.39,10.88,11.24,6972351.0,7790302373.919999,20260614,11.24,1.0,20260830,,
000001.SZ,1w,2026-06-21,11.21,11.21,10.52,10.52,4876734.0,5303689996.440001,20260621,10.52,1.0,20260830,,
000001.SZ,1w,2026-06-28,10.52,10.91,10.19,10.229999999999999,5902243.0,6221143831.05,20260628,10.229999999999999,1.0,20260830,,
000001.SZ,1w,2026-07-05,10.219999999999999,10.4,9.99,10.29,5010459.0,5100882742.03,20260705,10.29,1.0,20260830,,
000001.SZ,1w,2026-07-12,10.25,10.629999999999999,10.22,10.450000000000001,4521541.0,4732098271.119999,20260712,10.450000000000001,1.0,20260830,,
000001.SZ,1w,2026-07-19,10.42,10.930000000000001,10.38,10.780000000000001,4976148.0,5325378587.09,20260719,10.780000000000001,1.0,20260830,,
000001.SZ,1w,2026-07-26,10.75,11.18,10.74,11.1,6588577.0,7239108867.66,20260726,11.1,1.0,20260830,,
000001.SZ,1w,2026-08-02,11.110000000000001,11.629999999999999,11.040000000000001,11.629999999999999,8331908.0,9467087638.45,20260802,11.629999999999999,1.0,20260830,,
000001.SZ,1w,2026-08-09,11.54,11.66,11.1,11.19,5722811.0,6491881482.87,20260809,11.19,1.0,20260830,,
000001.SZ,1w,2026-08-16,11.18,11.4,11.11,11.11,3773696.0,4244347917.1399994,20260816,11.11,1.0,20260830,,
000001.SZ,1w,2026-08-23,11.200000000000001,11.46,11.03,11.41,5217175.0,5853921776.469999,20260823,11.41,1.0,20260830,,
000001.SZ,1w,2026-08-30,11.379999999999999,11.75,11.35,11.65,5175023.0,6002852837.940001,20260830,11.65,1.0,20260830,,
